model_type,stage,learning_rate,train_mae,validation_mae,test_mae
gradient_boosting,1,0.03,157.90786722871513,154.27596908990608,159.4596667727046
gradient_boosting,2,0.03,153.66885695327653,150.3693733412977,155.3145138874112
gradient_boosting,3,0.03,149.59415961914473,146.51192114936595,151.28919415778228
gradient_boosting,4,0.03,145.5994816504082,142.80443871064628,147.2781673108822
gradient_boosting,5,0.03,141.81043544975273,139.3165707865786,143.5674155678949
gradient_boosting,6,0.03,138.06961927179023,135.83411819644024,139.94709056509507
gradient_boosting,7,0.03,134.49503240629377,132.46747071488554,136.27922924572422
gradient_boosting,8,0.03,130.9666355708646,129.10401065038423,132.69153722939066
gradient_boosting,9,0.03,127.51901574237439,125.99506351246323,129.39648984113657
gradient_boosting,10,0.03,124.28832468122917,123.05684720892278,126.38138116202896
gradient_boosting,11,0.03,121.21721502284602,120.18299933731895,123.12800428190374
gradient_boosting,12,0.03,118.09657491438153,117.29791538294089,120.038338120951
gradient_boosting,13,0.03,115.04041467293763,114.46128064462891,117.02606527702405
gradient_boosting,14,0.03,112.22291498722441,111.88055809266126,114.38922257389083
gradient_boosting,15,0.03,109.44614360406621,109.24845737754207,111.63888936582276
gradient_boosting,16,0.03,106.86816302566363,106.79749064711153,109.03722268419237
gradient_boosting,17,0.03,104.2825009873611,104.31990402162246,106.49931063403
gradient_boosting,18,0.03,101.76741560064302,101.8703877338688,104.04174331190845
gradient_boosting,19,0.03,99.3451440162457,99.55705754783263,101.66167470739377
gradient_boosting,20,0.03,97.08921376355991,97.256200600286,99.41314310229865
gradient_boosting,21,0.03,94.90577308832272,95.11300753348335,97.2276977005523
gradient_boosting,22,0.03,92.6291542151482,92.93081886692232,95.04304912984433
gradient_boosting,23,0.03,90.50878531094892,90.8490626087524,92.94492799039182
gradient_boosting,24,0.03,88.52003154160931,88.95327837259741,91.0352161679443
gradient_boosting,25,0.03,86.56901144944376,87.07758735948528,89.34964392220661
gradient_boosting,26,0.03,84.69955986360624,85.26462317878932,87.54492622594535
gradient_boosting,27,0.03,82.83451236800487,83.51006735195917,85.66358012765863
gradient_boosting,28,0.03,81.04019588786551,81.7986779008735,84.11905707697098
gradient_boosting,29,0.03,79.34435294733808,80.22806897483717,82.54314497113157
gradient_boosting,30,0.03,77.68695629068121,78.6045203153297,81.04288165590782
gradient_boosting,31,0.03,76.10698066389497,77.03033312532065,79.67176402347364
gradient_boosting,32,0.03,74.50350235035387,75.50611036555003,78.09568019002275
gradient_boosting,33,0.03,72.96871906495497,74.13954522977598,76.60833479211074
gradient_boosting,34,0.03,71.54232137425718,72.83469624493209,75.36297691842306
gradient_boosting,35,0.03,70.13323288434043,71.49084029337786,73.99663739237216
gradient_boosting,36,0.03,68.81613554332014,70.27632767287358,72.82754032889649
gradient_boosting,37,0.03,67.55841209128269,69.07138123463379,71.57731166180271
gradient_boosting,38,0.03,66.344683584362,67.86806073349672,70.4744740584312
gradient_boosting,39,0.03,65.10752445254208,66.77182900103408,69.40154848636521
gradient_boosting,40,0.03,63.888701817723934,65.65723801837116,68.23754417148704
gradient_boosting,41,0.03,62.782400729059795,64.58732393660932,67.30646649676473
gradient_boosting,42,0.03,61.68917882394795,63.56698914890264,66.24403199423487
gradient_boosting,43,0.03,60.63429850368932,62.52951107935054,65.25282882243202
gradient_boosting,44,0.03,59.58876638825284,61.53812047156232,64.3266774462477
gradient_boosting,45,0.03,58.60987517513029,60.69889218251172,63.52075964393801
gradient_boosting,46,0.03,57.67266926687576,59.91171611691327,62.65861476827212
gradient_boosting,47,0.03,56.73446192093853,59.0448685171653,61.802460928479626
gradient_boosting,48,0.03,55.906533606843226,58.35018316113584,60.998846097287824
gradient_boosting,49,0.03,55.055776528195786,57.61345212813033,60.19816349162006
gradient_boosting,50,0.03,54.311439388685244,56.876871835098065,59.39231239330762
gradient_boosting,51,0.03,53.521460838673384,56.19605786513587,58.532489404478184
gradient_boosting,52,0.03,52.819879480734095,55.51465387214466,57.87908956922389
gradient_boosting,53,0.03,52.06495048422971,54.84338017346645,57.20531384748803
gradient_boosting,54,0.03,51.38167857133026,54.27120723559355,56.60214239989326
gradient_boosting,55,0.03,50.764552606677604,53.79382784832091,56.04203279043277
gradient_boosting,56,0.03,50.124814505434415,53.226788097504105,55.55168800841717
gradient_boosting,57,0.03,49.496235318512014,52.73538795254777,55.00277476167659
gradient_boosting,58,0.03,48.86341234887061,52.21860238912479,54.427648447339486
gradient_boosting,59,0.03,48.28930515232909,51.794254937482165,53.94223374221356
gradient_boosting,60,0.03,47.720989146917184,51.29847370766405,53.42804068232822
gradient_boosting,61,0.03,47.16342830416812,50.85939809272575,53.00082709979865
gradient_boosting,62,0.03,46.62789499845937,50.416465440582016,52.52861323781197
gradient_boosting,63,0.03,46.15550403337344,50.01744072726462,52.114354442967254
gradient_boosting,64,0.03,45.710119963138496,49.69224509162896,51.735394027418245
gradient_boosting,65,0.03,45.31743959304187,49.30005656253687,51.37894080047621
gradient_boosting,66,0.03,44.84271692741851,48.92000804658017,50.89478039168884
gradient_boosting,67,0.03,44.45377134179264,48.63813630204206,50.56142890479288
gradient_boosting,68,0.03,44.0667459641175,48.25560763048284,50.28477741213667
gradient_boosting,69,0.03,43.67107846722566,47.93808178469729,49.94689527737428
gradient_boosting,70,0.03,43.278718741310726,47.60303807146953,49.591515060795416
gradient_boosting,71,0.03,42.8920030022634,47.32245757382525,49.29458850724014
gradient_boosting,72,0.03,42.56825020501025,47.054801993330095,49.02242321907665
gradient_boosting,73,0.03,42.238736386880014,46.829979449416044,48.75254436599608
gradient_boosting,74,0.03,41.87007494145848,46.51764578682261,48.436542556630066
gradient_boosting,75,0.03,41.549818404911655,46.25827142393727,48.1220067474629
gradient_boosting,76,0.03,41.269827025551805,45.99147428552867,47.82871158316744
gradient_boosting,77,0.03,41.001509735358816,45.777057871825654,47.64292069568491
gradient_boosting,78,0.03,40.72505014826159,45.56424161016775,47.38733784558545
gradient_boosting,79,0.03,40.46426035569301,45.39542011397192,47.230189772569084
gradient_boosting,80,0.03,40.1955735842544,45.19592818065143,46.96331977677009
gradient_boosting,81,0.03,39.93174090173421,45.044309515524986,46.78578092331714
gradient_boosting,82,0.03,39.68167819301059,44.8766503748218,46.568163882865306
gradient_boosting,83,0.03,39.42597007775006,44.66919446155202,46.354897928343476
gradient_boosting,84,0.03,39.21227275010458,44.61424429994235,46.232551524432544
gradient_boosting,85,0.03,38.99146971995038,44.49074845812352,46.08924014766533
gradient_boosting,86,0.03,38.779490797726126,44.340071426960286,45.97054865720988
gradient_boosting,87,0.03,38.5708496817167,44.18995844388396,45.880277161038684
gradient_boosting,88,0.03,38.366374896897874,44.076895386074746,45.7832125343987
gradient_boosting,89,0.03,38.212644676404175,43.962329931211755,45.65734978042482
gradient_boosting,90,0.03,38.04841684661253,43.960828384021205,45.604346342433956
gradient_boosting,91,0.03,37.891412465520524,43.83144544779485,45.489648274617934
gradient_boosting,92,0.03,37.724654396629155,43.69066159861238,45.36273478421922
gradient_boosting,93,0.03,37.51257569277894,43.53817984958633,45.18851241266221
gradient_boosting,94,0.03,37.36274603293477,43.4566481378271,45.07107794050163
gradient_boosting,95,0.03,37.192438606356475,43.41947108677996,44.97926548615832
gradient_boosting,96,0.03,36.98678313899836,43.283032071167064,44.81800917939367
gradient_boosting,97,0.03,36.80610029860654,43.12284255512113,44.689054194147396
gradient_boosting,98,0.03,36.60015399482359,42.991592077526455,44.54905086068998
gradient_boosting,99,0.03,36.4161216456318,42.83356513365093,44.38868787242974
gradient_boosting,100,0.03,36.262867466130864,42.71719791406794,44.269607910187524
gradient_boosting,101,0.03,36.12488645726519,42.61431052155837,44.20245454909613
gradient_boosting,102,0.03,35.9379053201822,42.464908353372394,44.02983840830701
gradient_boosting,103,0.03,35.824222664708365,42.52301500469689,44.03486820829678
gradient_boosting,104,0.03,35.69348634654045,42.434738879090645,43.91039627850092
gradient_boosting,105,0.03,35.604263820991676,42.43623203077107,44.02563607706973
gradient_boosting,106,0.03,35.45693790066813,42.34716055628737,43.93455065619816
gradient_boosting,107,0.03,35.354825657480774,42.28841897323503,43.855484071496896
gradient_boosting,108,0.03,35.19000075918037,42.15219562550621,43.69587969548248
gradient_boosting,109,0.03,35.05170644613875,42.0495293229816,43.59523110522187
gradient_boosting,110,0.03,34.91370186150404,41.91549520314018,43.48684527764164
gradient_boosting,111,0.03,34.78414100329867,41.91494158771804,43.4292355481823
gradient_boosting,112,0.03,34.66796109594735,41.8190898884919,43.33063936143758
gradient_boosting,113,0.03,34.52832559755329,41.71632237646006,43.213912343926346
gradient_boosting,114,0.03,34.38486049946562,41.6559537929208,43.03667770517842
gradient_boosting,115,0.03,34.30057367609688,41.60357334205671,42.97679208254854
gradient_boosting,116,0.03,34.18509483264749,41.52008155376949,42.87913567978316
gradient_boosting,117,0.03,34.111713733635504,41.478890196456035,42.79672153584766
gradient_boosting,118,0.03,34.0369447872804,41.451151102842545,42.74538808330463
gradient_boosting,119,0.03,33.894501920008814,41.34163144822957,42.63333618597894
gradient_boosting,120,0.03,33.79416102749227,41.26231532613412,42.53659986635239
gradient_boosting,121,0.03,33.71066665590931,41.24654703008412,42.45802729960526
gradient_boosting,122,0.03,33.60584954415499,41.15792665912234,42.37375429338289
gradient_boosting,123,0.03,33.50757561876566,41.11643922480126,42.29863195265388
gradient_boosting,124,0.03,33.42739761266862,41.054735910580405,42.212340415228205
gradient_boosting,125,0.03,33.383447511451024,41.09278153904512,42.17397498943971
gradient_boosting,126,0.03,33.25969971313692,41.00644749795966,42.04827312218128
gradient_boosting,127,0.03,33.187523678546285,40.967457431963176,41.972014484114474
gradient_boosting,128,0.03,33.08951120581752,40.88952115982487,41.88024554270979
gradient_boosting,129,0.03,33.03134801644525,40.886375060257315,41.8327735563869
gradient_boosting,130,0.03,32.909064066385575,40.803210283361835,41.73480546665525
gradient_boosting,131,0.03,32.824251489721654,40.74049156664695,41.68584800786686
gradient_boosting,132,0.03,32.76158235210378,40.730498767733614,41.641849090591435
gradient_boosting,133,0.03,32.687601718749356,40.698860434044455,41.577293332817874
gradient_boosting,134,0.03,32.599897142903814,40.66749951147024,41.50980963204188
gradient_boosting,135,0.03,32.53555409787047,40.63948327511572,41.44779000957027
gradient_boosting,136,0.03,32.488354102453066,40.62527633884979,41.40459448438534
gradient_boosting,137,0.03,32.41527593242275,40.64455194943925,41.405006815903434
gradient_boosting,138,0.03,32.346727043225464,40.724776627541125,41.33439827676017
gradient_boosting,139,0.03,32.28018822853657,40.67332927744745,41.28226509401338
gradient_boosting,140,0.03,32.23981577336721,40.66589677534402,41.232438058965144
gradient_boosting,141,0.03,32.21820171035145,40.68202550179237,41.237670794353136
gradient_boosting,142,0.03,32.16603536634018,40.64519365555156,41.226032134938826
gradient_boosting,143,0.03,32.14268056402904,40.67925668060024,41.246126449901475
gradient_boosting,144,0.03,32.04972079309519,40.61119810967386,41.167369318655155
gradient_boosting,145,0.03,31.976685917194768,40.54968400900289,41.114910984982146
gradient_boosting,146,0.03,31.92405361134218,40.527482741274405,41.051900703417374
gradient_boosting,147,0.03,31.866634336232398,40.53487635843884,41.027081942906584
gradient_boosting,148,0.03,31.81904849310331,40.826216813278954,41.1489242156628
gradient_boosting,149,0.03,31.7603289746061,40.79896285519155,41.11407141191978
gradient_boosting,150,0.03,31.70397082135547,40.78623690961356,41.07524462046674
gradient_boosting,151,0.03,31.63586830793064,40.732041445808306,41.00401338200092
gradient_boosting,152,0.03,31.564312021149103,40.7030440586678,40.953669736957906
gradient_boosting,153,0.03,31.47704595516004,40.64337157045546,40.89377965335382
gradient_boosting,154,0.03,31.423950472050905,40.599386893859354,40.82534203795846
gradient_boosting,155,0.03,31.366121329727598,40.570456524959496,40.791032300461595
gradient_boosting,156,0.03,31.294520505513184,40.49998814876792,40.735954431946645
gradient_boosting,157,0.03,31.254482610763674,40.49211806058838,40.70742163799451
gradient_boosting,158,0.03,31.21300457306522,40.48911400349822,40.66875324377686
gradient_boosting,159,0.03,31.159433421990588,40.44464969448191,40.619480372371186
gradient_boosting,160,0.03,31.112139759486947,40.42004195892287,40.57248438131619
gradient_boosting,161,0.03,31.092043741514996,40.43753239339528,40.58206890108956
gradient_boosting,162,0.03,31.011283499200278,40.41145133584163,40.54846931495837
gradient_boosting,163,0.03,30.936645929772627,40.34157630136741,40.45297343451533
gradient_boosting,164,0.03,30.872910927207975,40.292531764112205,40.38223570569071
gradient_boosting,165,0.03,30.824646852772705,40.262339270078535,40.353693655801706
gradient_boosting,166,0.03,30.797929971169918,40.30103904044068,40.35256465820738
gradient_boosting,167,0.03,30.756698626572124,40.299846901873984,40.29527403459452
gradient_boosting,168,0.03,30.70201970652572,40.243505573951985,40.2885834167606
gradient_boosting,169,0.03,30.64940339609254,40.207507807690504,40.24970196803916
gradient_boosting,170,0.03,30.60640450853701,40.19021592518482,40.21159500633771
gradient_boosting,171,0.03,30.569053298265885,40.201908945372416,40.199730618633396
gradient_boosting,172,0.03,30.516228605917195,40.181987545249804,40.13874803065765
gradient_boosting,173,0.03,30.47697254007652,40.17759073918193,40.101344827770255
gradient_boosting,174,0.03,30.41795971528395,40.17044221054149,40.054200568992144
gradient_boosting,175,0.03,30.393091006047715,40.147865239830566,40.03485182224813
gradient_boosting,176,0.03,30.34814354557028,40.14563382202626,40.0461146848582
gradient_boosting,177,0.03,30.28771913616446,40.193714773543704,40.02239630847804
gradient_boosting,178,0.03,30.212618956507583,40.13871897647865,39.97043396332903
gradient_boosting,179,0.03,30.173658351226546,40.11983209432427,39.93899602705295
gradient_boosting,180,0.03,30.14714903753002,40.10468230867271,39.91457257089091
gradient_boosting,181,0.03,30.090989911997557,40.167837035283576,40.01482198247301
gradient_boosting,182,0.03,30.039953812359155,40.16871700139743,39.97698009395945
gradient_boosting,183,0.03,29.99734301824708,40.15304907541748,39.96941345899322
gradient_boosting,184,0.03,29.961284806218046,40.150444951068614,39.95636187691278
gradient_boosting,185,0.03,29.896240247408656,40.12929686733254,39.92260776319744
gradient_boosting,186,0.03,29.88845659305683,40.142344026238085,39.932632391348186
gradient_boosting,187,0.03,29.826870117559217,40.097318328355556,39.88911929383759
gradient_boosting,188,0.03,29.76293367157184,40.051675752112914,39.85396837913508
gradient_boosting,189,0.03,29.704263598562083,40.044881269758235,39.90190865133988
gradient_boosting,190,0.03,29.67864759170612,40.0610489202203,39.88703878598556
gradient_boosting,191,0.03,29.626317022979244,40.086439582654016,39.85241379952438
gradient_boosting,192,0.03,29.590530983857015,40.042943829219624,39.852570870345296
gradient_boosting,193,0.03,29.578664867626394,40.05666025126772,39.86978560355003
gradient_boosting,194,0.03,29.530907101982585,40.05644792347109,39.83687045702032
gradient_boosting,195,0.03,29.486336087821126,40.05007879589479,39.80844544689215
gradient_boosting,196,0.03,29.42874698952051,40.01099062375922,39.766342834089954
gradient_boosting,197,0.03,29.364329262861506,39.99071926566171,39.74167198652094
gradient_boosting,198,0.03,29.334559825235136,39.98337413057453,39.732285289894754
gradient_boosting,199,0.03,29.28744170926277,39.9546408493187,39.70286733792483
gradient_boosting,200,0.03,29.24709927241744,39.91975885992753,39.68553406825221
gradient_boosting,201,0.03,29.20824541480371,39.88305059293401,39.64224741095213
gradient_boosting,202,0.03,29.184886713153997,39.873519028793034,39.641048100520415
gradient_boosting,203,0.03,29.164322558388175,39.87363454363176,39.62731710559642
gradient_boosting,204,0.03,29.105178333387403,39.82780420640752,39.592298833124985
gradient_boosting,205,0.03,29.069342019954586,39.84770599709062,39.56669814792093
gradient_boosting,206,0.03,29.04729001375547,39.84925540438429,39.560249338091424
gradient_boosting,207,0.03,29.02017014115855,39.831433332076315,39.53742556564733
gradient_boosting,208,0.03,28.9860444196808,39.81951977020342,39.515654309410074
gradient_boosting,209,0.03,28.97128205309784,39.82999247920206,39.52245049611804
gradient_boosting,210,0.03,28.925014991411274,39.827431409164056,39.49923626711069
gradient_boosting,211,0.03,28.897986847873707,39.81746200525832,39.481703759821194
gradient_boosting,212,0.03,28.847949625043295,39.783908338170505,39.45435553698093
gradient_boosting,213,0.03,28.80271128815034,39.75469469199746,39.42757163767346
gradient_boosting,214,0.03,28.76063260791013,39.758419537840176,39.40713062404777
gradient_boosting,215,0.03,28.72502232822336,39.77760428707583,39.460584263555155
gradient_boosting,216,0.03,28.68504424485063,39.74879683568994,39.4568912319283
gradient_boosting,217,0.03,28.669602582696655,39.73993222315981,39.44614220536325
gradient_boosting,218,0.03,28.649852040834663,39.70100434115504,39.44877586399078
gradient_boosting,219,0.03,28.622471577276123,39.69919528607013,39.4279395953719
gradient_boosting,220,0.03,28.59382195062299,39.68590614874406,39.40822864652402
gradient_boosting,221,0.03,28.544053173628136,39.629174383470044,39.37541972612194
gradient_boosting,222,0.03,28.508090556684287,39.615760105545405,39.35270537181874
gradient_boosting,223,0.03,28.490154167858805,39.60629290220357,39.33583039451876
gradient_boosting,224,0.03,28.449697926101383,39.5739938670006,39.327046227773515
gradient_boosting,225,0.03,28.430293917907616,39.568309292521775,39.33510167920092
gradient_boosting,226,0.03,28.419983325537462,39.582649564890595,39.33627475756007
gradient_boosting,227,0.03,28.368575997433894,39.532827340105484,39.309334242793526
gradient_boosting,228,0.03,28.341289244221223,39.508026676515385,39.291065621832544
gradient_boosting,229,0.03,28.310304667149474,39.47909900852193,39.267794411726726
gradient_boosting,230,0.03,28.270965591936964,39.453001485507876,39.273289066958284
gradient_boosting,231,0.03,28.246482011902494,39.48454479958736,39.32451010873367
gradient_boosting,232,0.03,28.212214112205547,39.50243205648416,39.3099772684092
gradient_boosting,233,0.03,28.168657280353678,39.46465650993681,39.302726852893585
gradient_boosting,234,0.03,28.1558332072416,39.46782354767872,39.30474950971151
gradient_boosting,235,0.03,28.107699717800163,39.4277324937035,39.27381366015482
gradient_boosting,236,0.03,28.083582046075183,39.4149171251262,39.26289287700275
gradient_boosting,237,0.03,28.03726990571802,39.409490638982504,39.26134183463653
gradient_boosting,238,0.03,28.00478155093058,39.37783493678394,39.21607406652712
gradient_boosting,239,0.03,27.98813201049593,39.38044046604177,39.19876921356596
gradient_boosting,240,0.03,27.94103881115527,39.363173970374184,39.179719875494996
gradient_boosting,241,0.03,27.907969205338677,39.33885146436319,39.15967914850703
gradient_boosting,242,0.03,27.87964516769645,39.330515186862655,39.14462032492618
gradient_boosting,243,0.03,27.861035863297676,39.33939525311102,39.15780819252629
gradient_boosting,244,0.03,27.82383989606532,39.3122324661519,39.13061872260472
gradient_boosting,245,0.03,27.7987971581103,39.29791258489865,39.108059116223224
gradient_boosting,246,0.03,27.77056281463841,39.32754310081385,39.152033200290575
gradient_boosting,247,0.03,27.74635067046413,39.338904408855804,39.15408825019731
gradient_boosting,248,0.03,27.740888095477107,39.33094414157245,39.14997938902225
gradient_boosting,249,0.03,27.711064670576878,39.363881460508445,39.15916028769968
gradient_boosting,250,0.03,27.703511120309756,39.38323830972251,39.17034173250289
gradient_boosting,251,0.03,27.670930327644008,39.333218277734005,39.14632556551808
gradient_boosting,252,0.03,27.64638117621703,39.30174378760878,39.128596204074135
gradient_boosting,253,0.03,27.611278615620705,39.31769586763582,39.11123341456219
gradient_boosting,254,0.03,27.59530079814479,39.33976780825164,39.12510397402479
gradient_boosting,255,0.03,27.565831695770967,39.320022980580845,39.10914615628166
gradient_boosting,256,0.03,27.520516152676663,39.317060075901715,39.1150936366729
gradient_boosting,257,0.03,27.476343095836924,39.30454580384759,39.08475851441249
gradient_boosting,258,0.03,27.461956679126637,39.28129401024414,39.08345214267889
gradient_boosting,259,0.03,27.439151183271992,39.26739381446038,39.06464543901458
gradient_boosting,260,0.03,27.406459727991948,39.241997237578055,39.05794701003423
gradient_boosting,261,0.03,27.40211307385039,39.270108184922584,39.08104211447298
gradient_boosting,262,0.03,27.382970115907863,39.27666931180123,39.07388237946357
gradient_boosting,263,0.03,27.34771806457696,39.27443308328507,39.083217903533786
gradient_boosting,264,0.03,27.32583327375285,39.26550244831178,39.07734119519857
gradient_boosting,265,0.03,27.31122292520812,39.2641283085731,39.06435866165799
gradient_boosting,266,0.03,27.287915146457838,39.22740597953946,39.0479075118089
gradient_boosting,267,0.03,27.260369801769667,39.27074460592828,39.04417496099012
gradient_boosting,268,0.03,27.24907888069833,39.265626356132906,39.03293233250269
gradient_boosting,269,0.03,27.222460192533134,39.264867614760654,39.01266276046093
gradient_boosting,270,0.03,27.223089977616027,39.27522517037327,39.02253340225212
gradient_boosting,271,0.03,27.20181603318967,39.256735237401756,39.012956989192745
gradient_boosting,272,0.03,27.167410445815303,39.23158859789119,39.002398125989835
gradient_boosting,273,0.03,27.12525332113001,39.19545511938353,38.950636149339246
gradient_boosting,274,0.03,27.104329274426103,39.177487099950184,38.95430493606178
gradient_boosting,275,0.03,27.09647307671172,39.19390682085337,38.956372071913215
gradient_boosting,276,0.03,27.061567440668686,39.17679447594171,38.93571606050759
gradient_boosting,277,0.03,27.05465181303268,39.17737857310502,38.93600121938817
gradient_boosting,278,0.03,27.018770801336046,39.15656616507024,38.9110878972979
gradient_boosting,279,0.03,26.988978866882885,39.18329196682038,38.925674745702985
gradient_boosting,280,0.03,26.960121037189456,39.17815316811516,38.89989723342912
gradient_boosting,281,0.03,26.943261824801276,39.21627353182238,38.92618753456911
gradient_boosting,282,0.03,26.932027168828142,39.21766502321234,38.91875073184446
gradient_boosting,283,0.03,26.90827512916629,39.249565707237345,38.8926730727062
gradient_boosting,284,0.03,26.868585211431846,39.28601752927182,38.88626421510203
gradient_boosting,285,0.03,26.853387513862074,39.28475903760817,38.876694304203994
gradient_boosting,286,0.03,26.82371359474161,39.2763135359496,38.849916816644466
gradient_boosting,287,0.03,26.8022757851125,39.23436994050555,38.844061662654084
gradient_boosting,288,0.03,26.770579525338277,39.280670124610104,38.858383653495906
gradient_boosting,289,0.03,26.74343598397942,39.33474642676094,38.871024987755966
gradient_boosting,290,0.03,26.71802853478822,39.34728502001358,38.87782631748252
gradient_boosting,291,0.03,26.698253151532587,39.334671619412966,38.871321560289466
gradient_boosting,292,0.03,26.679275207965848,39.32740595614417,38.879592984533055
gradient_boosting,293,0.03,26.65431154020474,39.33534901074729,38.898061748202345
gradient_boosting,294,0.03,26.64145715637101,39.3199833507048,38.8896160631002
gradient_boosting,295,0.03,26.63213673081094,39.30300308409772,38.8888619088791
gradient_boosting,296,0.03,26.607655293377785,39.25041232755454,38.848216786120574
gradient_boosting,297,0.03,26.584013268358973,39.23594213061341,38.851447676035214
gradient_boosting,298,0.03,26.55197908518783,39.216234590823895,38.82565439695746
gradient_boosting,299,0.03,26.526544507654823,39.19658668834962,38.82234182739441
gradient_boosting,300,0.03,26.497458997777226,39.175799137604244,38.81709203397997
gradient_boosting,301,0.03,26.474822297341955,39.17793646265367,38.80436732719514
gradient_boosting,302,0.03,26.46676032328753,39.18633558281568,38.80346352996736
gradient_boosting,303,0.03,26.449882053876298,39.22832058058438,38.79363094681873
gradient_boosting,304,0.03,26.414471311548844,39.222774677758274,38.79261349593695
gradient_boosting,305,0.03,26.387791376322866,39.200732526704876,38.79864566641401
gradient_boosting,306,0.03,26.364858436636425,39.18453085762215,38.78675527040197
gradient_boosting,307,0.03,26.344872670631133,39.17796733022353,38.776933503049904
gradient_boosting,308,0.03,26.332693998333987,39.175252516159894,38.77893419976927
gradient_boosting,309,0.03,26.32081148377887,39.18557863281432,38.77063346393284
gradient_boosting,310,0.03,26.295718617036194,39.18302682023615,38.79823649757251
gradient_boosting,311,0.03,26.279917350182306,39.172742389693724,38.769719376933004
gradient_boosting,312,0.03,26.254304108227764,39.154515681270894,38.74591670558249
gradient_boosting,313,0.03,26.238951282869255,39.1410787181224,38.73768203486301
gradient_boosting,314,0.03,26.231947917350592,39.16157994478977,38.73554953328646
gradient_boosting,315,0.03,26.209650347904265,39.20124150132736,38.77118800735361
gradient_boosting,316,0.03,26.190951745598646,39.21154776836825,38.785116575938474
gradient_boosting,317,0.03,26.167951765469528,39.188610583408106,38.765695015094664
gradient_boosting,318,0.03,26.156969399847405,39.18931905241934,38.76280246448262
gradient_boosting,319,0.03,26.142011235275355,39.19778235764021,38.763553659643634
gradient_boosting,320,0.03,26.120990098948287,39.159169994397786,38.73639239244061
gradient_boosting,321,0.03,26.09749533421612,39.179452196852914,38.73322081855174
gradient_boosting,322,0.03,26.086791362249485,39.22431429093902,38.73989960682092
gradient_boosting,323,0.03,26.063804969544364,39.2248734946932,38.73380746721023
gradient_boosting,324,0.03,26.050826420037264,39.22225709011247,38.742212603358674
gradient_boosting,325,0.03,26.031770748435292,39.22381236999368,38.73257920103331
gradient_boosting,326,0.03,26.016002746713426,39.23259671347061,38.736664611787816
gradient_boosting,327,0.03,25.99314479149546,39.21352084626607,38.73765791436409
gradient_boosting,328,0.03,25.980498758555374,39.217954932081284,38.72660317736621
gradient_boosting,329,0.03,25.952782583491707,39.19178127458169,38.70214287855709
gradient_boosting,330,0.03,25.94078217167966,39.20639826542976,38.70026769239932
gradient_boosting,331,0.03,25.925279127320824,39.21035587691765,38.67971785393796
gradient_boosting,332,0.03,25.902755123170547,39.24061512007849,38.682239359482026
gradient_boosting,333,0.03,25.883545187431643,39.256828284551645,38.67288189306299
gradient_boosting,334,0.03,25.86161334215387,39.22177110858912,38.63412253682105
gradient_boosting,335,0.03,25.84580253097796,39.24038011977787,38.62854925002313
gradient_boosting,336,0.03,25.81797443417285,39.22735051241027,38.62054026814814
gradient_boosting,337,0.03,25.800307171640043,39.23479858558141,38.615404097235306
gradient_boosting,338,0.03,25.775029896721268,39.217373665924626,38.601044927320864
gradient_boosting,339,0.03,25.762208098777233,39.22357061180776,38.58866110709598
gradient_boosting,340,0.03,25.743172922611148,39.246086299801966,38.64139559939669
gradient_boosting,341,0.03,25.728465296891176,39.24972505688083,38.63403646653491
gradient_boosting,342,0.03,25.71537346988935,39.24509177546998,38.617231494645566
gradient_boosting,343,0.03,25.694409806194994,39.23688072780556,38.60505908693749
gradient_boosting,344,0.03,25.65897242775438,39.201353291444484,38.57823558209473
gradient_boosting,345,0.03,25.62070104792783,39.15600487255632,38.54273322629359
gradient_boosting,346,0.03,25.61057802840811,39.18177706914335,38.529439999157624
gradient_boosting,347,0.03,25.603197725646123,39.18498886607076,38.52448929530557
gradient_boosting,348,0.03,25.58355062755537,39.17411913118567,38.52903778202563
gradient_boosting,349,0.03,25.572032354745197,39.18491528699054,38.523341685859364
gradient_boosting,350,0.03,25.560726966020336,39.21562711710689,38.54852946779457
gradient_boosting,351,0.03,25.539446444508354,39.222073305188694,38.52030938919489
gradient_boosting,352,0.03,25.529701022316434,39.22300013639269,38.50793158253753
gradient_boosting,353,0.03,25.513826284137508,39.216192520726494,38.509454962957285
gradient_boosting,354,0.03,25.491632086637473,39.19620294389523,38.48806327797188
gradient_boosting,355,0.03,25.472632123654304,39.181989742525055,38.48707393907947
gradient_boosting,356,0.03,25.449932429632288,39.17617683239388,38.488853401738275
gradient_boosting,357,0.03,25.444279282442302,39.18238238510127,38.49120713607014
gradient_boosting,358,0.03,25.438306380396014,39.19218209362833,38.50637171775448
gradient_boosting,359,0.03,25.412924282063955,39.215343213134304,38.519514246323865
gradient_boosting,360,0.03,25.38234421282696,39.24070314129422,38.50688549498612
gradient_boosting,361,0.03,25.37132632078965,39.22619468654145,38.511172485728906
gradient_boosting,362,0.03,25.361212501016766,39.262511518890086,38.58771932277135
gradient_boosting,363,0.03,25.351041087481896,39.29109198909767,38.595691072167064
gradient_boosting,364,0.03,25.34034459044325,39.302784975059815,38.605697369990374
gradient_boosting,365,0.03,25.32591466998961,39.30197015644041,38.61046119731901
gradient_boosting,366,0.03,25.317492466620557,39.32043902672915,38.61354428413324
gradient_boosting,367,0.03,25.297368871590436,39.32657632643116,38.6079154784343
gradient_boosting,368,0.03,25.27211296773229,39.3622530576582,38.61047307393673
gradient_boosting,369,0.03,25.254082234806237,39.37392238411026,38.59552055301294
gradient_boosting,370,0.03,25.22543316785255,39.365197536094094,38.58250429904663
gradient_boosting,371,0.03,25.19476300393574,39.353642821861456,38.58773040814953
gradient_boosting,372,0.03,25.163081208223723,39.33467056959276,38.56795835270424
gradient_boosting,373,0.03,25.151212763577245,39.347941873386205,38.55662029560343
gradient_boosting,374,0.03,25.133043821290855,39.35077837662403,38.578803837353625
gradient_boosting,375,0.03,25.102459183354004,39.3301123432595,38.57521106739241
gradient_boosting,376,0.03,25.08619287777839,39.36787651282844,38.5838451533657
gradient_boosting,377,0.03,25.07335441001101,39.38743382359158,38.635408265097745
gradient_boosting,378,0.03,25.06764463880237,39.39611160354126,38.61939390124431
gradient_boosting,379,0.03,25.035887128252313,39.39758249826129,38.618870130841344
gradient_boosting,380,0.03,25.02524308266233,39.40390751788756,38.622347991183204
gradient_boosting,381,0.03,25.00468294836563,39.40396084693674,38.63184870230239
gradient_boosting,382,0.03,24.99377073547101,39.41141221911827,38.6294699680396
gradient_boosting,383,0.03,24.983552268677315,39.42907525794363,38.615606412990786
gradient_boosting,384,0.03,24.97033003150806,39.44623301616418,38.59326145215063
gradient_boosting,385,0.03,24.95427767588176,39.430828739963985,38.58326697689825
gradient_boosting,386,0.03,24.935718845763024,39.44338686701164,38.58430390778813
gradient_boosting,387,0.03,24.92925238186486,39.4606923705909,38.592894528440915
gradient_boosting,388,0.03,24.910867899773876,39.458819251620206,38.59884810046913
gradient_boosting,389,0.03,24.904694040293553,39.44802557508552,38.59977526439006
gradient_boosting,390,0.03,24.894058322649315,39.44566950626943,38.59416085498502
gradient_boosting,391,0.03,24.889240983634167,39.45219016176649,38.578517135831916
gradient_boosting,392,0.03,24.86854238661716,39.43509460890657,38.56012802926769
gradient_boosting,393,0.03,24.851887088566876,39.4355912937042,38.549607244188756
gradient_boosting,394,0.03,24.822120946605832,39.41961455682756,38.538916656819204
gradient_boosting,395,0.03,24.81460374564372,39.41288442911282,38.53902122923991
gradient_boosting,396,0.03,24.78683239828153,39.402574340586746,38.52361490252363
gradient_boosting,397,0.03,24.774380983178613,39.39476142955646,38.525330388386536
gradient_boosting,398,0.03,24.7654926552419,39.41548529368877,38.511811532777635
gradient_boosting,399,0.03,24.741238491256293,39.416178467365064,38.49702304837518
gradient_boosting,400,0.03,24.732981073187062,39.435035582462845,38.50289123785906
gradient_boosting,401,0.03,24.725194295437465,39.443056183583955,38.50615722494769
gradient_boosting,402,0.03,24.70938342164212,39.4296630484923,38.50436958035851
gradient_boosting,403,0.03,24.692810912015243,39.45112085638741,38.55186390095786
gradient_boosting,404,0.03,24.68165932165931,39.44625928500522,38.55934328931869
gradient_boosting,405,0.03,24.677954502034822,39.460035027573355,38.57422562625466
gradient_boosting,406,0.03,24.667012756337474,39.47204878135578,38.57300635258618
gradient_boosting,407,0.03,24.653494280739828,39.497266158546424,38.56688961085684
gradient_boosting,408,0.03,24.63252766606015,39.49762547557745,38.571260649521925
gradient_boosting,409,0.03,24.620244854376757,39.52827412655383,38.637211502327325
gradient_boosting,410,0.03,24.607189395567268,39.52400446957513,38.625754990657114
gradient_boosting,411,0.03,24.587337781148207,39.513803261763705,38.622673470494284
gradient_boosting,412,0.03,24.58173901888162,39.50995771531009,38.62667000544466
gradient_boosting,413,0.03,24.568530318586895,39.50512974302584,38.67256681837636
gradient_boosting,414,0.03,24.56727311415818,39.50774681177093,38.673721854185246
gradient_boosting,415,0.03,24.554852155500974,39.50668420947786,38.67180646200775
gradient_boosting,416,0.03,24.541317051558035,39.510903258853205,38.6688836173324
gradient_boosting,417,0.03,24.52813559343942,39.49797022283181,38.64978047249877
gradient_boosting,418,0.03,24.518203221650843,39.50366581224371,38.66438336219889
gradient_boosting,419,0.03,24.50838700705737,39.50449826355692,38.65053365673334
gradient_boosting,420,0.03,24.49897290372687,39.506737040092645,38.648458998504836
gradient_boosting,421,0.03,24.47366784568518,39.488317685548,38.64233876500279
gradient_boosting,422,0.03,24.46287988480005,39.47481847291303,38.63155997563493
gradient_boosting,423,0.03,24.44143675560821,39.47326515535474,38.63204568741281
gradient_boosting,424,0.03,24.437058339176495,39.48242606133489,38.632238857460436
gradient_boosting,425,0.03,24.413372462822416,39.47873791897442,38.632742787788004
gradient_boosting,426,0.03,24.40028397808752,39.4900811267848,38.6335573707276
gradient_boosting,427,0.03,24.376678052250472,39.48303341016836,38.62837504924606
gradient_boosting,428,0.03,24.370466498866165,39.473620161548276,38.629477864004
gradient_boosting,429,0.03,24.36343614139728,39.47430965634426,38.619261188150475
gradient_boosting,430,0.03,24.35252485764181,39.49559892518138,38.6309513942016
gradient_boosting,431,0.03,24.336777477078247,39.473094020018024,38.60960220004353
gradient_boosting,432,0.03,24.327180222227224,39.46178750677343,38.61378500915925
gradient_boosting,433,0.03,24.31896405182804,39.44902910308207,38.60869475407457
gradient_boosting,434,0.03,24.315230618142316,39.44848066158412,38.61222965636928
gradient_boosting,435,0.03,24.288630380882083,39.46189458719416,38.6215550242673
gradient_boosting,436,0.03,24.279371598964723,39.45843894635715,38.62277840610367
gradient_boosting,437,0.03,24.264100896288934,39.45742075549201,38.61776789245895
gradient_boosting,438,0.03,24.248951418711368,39.467979793450006,38.61120149865345
gradient_boosting,439,0.03,24.235090331420697,39.457957060937986,38.608978304763745
gradient_boosting,440,0.03,24.223860511041593,39.44653442933836,38.615655061321604
gradient_boosting,441,0.03,24.20086353966955,39.44232187511858,38.60105483437691
gradient_boosting,442,0.03,24.193461854794478,39.439928973093075,38.59820338733767
gradient_boosting,443,0.03,24.184449318103294,39.44636919346086,38.58746349432957
gradient_boosting,444,0.03,24.17443450444483,39.44762477252178,38.57975766230834
gradient_boosting,445,0.03,24.15429592455789,39.460733415660435,38.59674646003994
gradient_boosting,446,0.03,24.1401621163762,39.465235561024684,38.58416026834015
gradient_boosting,447,0.03,24.13487100825749,39.4542292134676,38.568437677990936
gradient_boosting,448,0.03,24.114062377658907,39.43940054187113,38.54912757675027
gradient_boosting,449,0.03,24.098758839964425,39.43862981751351,38.55805153652561
gradient_boosting,450,0.03,24.080002204266783,39.42916369582949,38.546824611373175
gradient_boosting,451,0.03,24.062304266290898,39.41746954641996,38.53565882722412
gradient_boosting,452,0.03,24.051087808667663,39.41406543231902,38.5274973204299
gradient_boosting,453,0.03,24.037376792761744,39.40038661507535,38.51418136368631
gradient_boosting,454,0.03,24.02835479738836,39.4099941021534,38.52147909450899
gradient_boosting,455,0.03,24.019187541909222,39.419724213427955,38.53599653887369
gradient_boosting,456,0.03,24.000527276484235,39.40922747514924,38.54132861454326
gradient_boosting,457,0.03,23.987317281031896,39.39297402080985,38.523135878346395
gradient_boosting,458,0.03,23.978992412456655,39.39149333861941,38.52254849128512
gradient_boosting,459,0.03,23.96970073587725,39.39704591162308,38.521371457494155
gradient_boosting,460,0.03,23.943272326983536,39.38437402639546,38.495051364133246
gradient_boosting,461,0.03,23.926235378000683,39.377609856967084,38.49675884433201
gradient_boosting,462,0.03,23.911159421008684,39.3630808468494,38.50069247179811
gradient_boosting,463,0.03,23.901268772033692,39.36099240088755,38.494893040064575
gradient_boosting,464,0.03,23.897740937793575,39.36746764149722,38.48842225560187
gradient_boosting,465,0.03,23.881838588214624,39.356682719857275,38.47108924931686
gradient_boosting,466,0.03,23.856896718253786,39.327372720117125,38.452493070196134
gradient_boosting,467,0.03,23.8492391083334,39.348450281045125,38.46729184097738
gradient_boosting,468,0.03,23.839618407424332,39.34516459700736,38.45625081750033
gradient_boosting,469,0.03,23.828283494774908,39.33619628334882,38.45508913265117
gradient_boosting,470,0.03,23.812597151933442,39.320866354828425,38.44254727351927
gradient_boosting,471,0.03,23.793836784121574,39.317853795421186,38.43068040094713
gradient_boosting,472,0.03,23.775085832766234,39.305642038644784,38.41893298574926
gradient_boosting,473,0.03,23.751716506221687,39.30058820804297,38.38713750265394
gradient_boosting,474,0.03,23.738720009548402,39.30155584431282,38.40845154832886
gradient_boosting,475,0.03,23.731180286664642,39.323382319621686,38.40471383652499
gradient_boosting,476,0.03,23.726817898750102,39.3245491806013,38.40481675844067
gradient_boosting,477,0.03,23.71132414838385,39.32976536229599,38.421625641402485
gradient_boosting,478,0.03,23.701272339304406,39.33422504462293,38.41801497891335
gradient_boosting,479,0.03,23.684033581771452,39.32308960496422,38.392665971270645
gradient_boosting,480,0.03,23.675364144180463,39.318903409480676,38.391503497366266
gradient_boosting,481,0.03,23.66121124809698,39.31340468182118,38.38007098002124
gradient_boosting,482,0.03,23.646392860034982,39.30712523827493,38.3664104105408
gradient_boosting,483,0.03,23.633056443006268,39.330120525177286,38.366792812148304
gradient_boosting,484,0.03,23.615792435172555,39.318191335471454,38.34447693679201
gradient_boosting,485,0.03,23.608799102356276,39.34444613198929,38.36713097151531
gradient_boosting,486,0.03,23.597557090196148,39.35557636032004,38.362081642979376
gradient_boosting,487,0.03,23.59176799635001,39.3501968282937,38.35700884089569
gradient_boosting,488,0.03,23.580078564969142,39.329308565759014,38.34748145061471
gradient_boosting,489,0.03,23.560584260934213,39.35015730525304,38.34726408821433
gradient_boosting,490,0.03,23.555543749489647,39.348116930765116,38.33985613425702
gradient_boosting,491,0.03,23.536905931215745,39.33986897067688,38.324473879268886
gradient_boosting,492,0.03,23.514006380620337,39.33776168569725,38.32897771575826
gradient_boosting,493,0.03,23.507078786019715,39.325666802859125,38.322918040204
gradient_boosting,494,0.03,23.49885539845321,39.32118630567271,38.30891107992519
gradient_boosting,495,0.03,23.478993243977882,39.32043991570659,38.32014863724188
gradient_boosting,496,0.03,23.46449748958376,39.32007062112967,38.31680731826985
gradient_boosting,497,0.03,23.458919023282732,39.32034618625672,38.31622575106451
gradient_boosting,498,0.03,23.440689641405534,39.29889150805447,38.293079268667206
gradient_boosting,499,0.03,23.42708707063768,39.32929100708089,38.282558200199816
gradient_boosting,500,0.03,23.415667214619113,39.33029640392073,38.28028857573702
gradient_boosting,501,0.03,23.41308276563306,39.32566457571895,38.28391223310126
gradient_boosting,502,0.03,23.388033223859814,39.3059204860411,38.28373067779698
gradient_boosting,503,0.03,23.371395528817697,39.30721474750828,38.27519909011086
gradient_boosting,504,0.03,23.3611932924056,39.29483751222167,38.26754797696883
gradient_boosting,505,0.03,23.351099883107832,39.32005656164507,38.27157474448493
gradient_boosting,506,0.03,23.339070033148946,39.323172449189435,38.26142969589197
gradient_boosting,507,0.03,23.325664125141508,39.299453548577496,38.25616207296227
gradient_boosting,508,0.03,23.311758103712762,39.293868643055724,38.24823650866595
gradient_boosting,509,0.03,23.29702227217938,39.26586854631923,38.22929254106613
gradient_boosting,510,0.03,23.283435216128737,39.24081781557332,38.20937755185302
gradient_boosting,511,0.03,23.270910658033376,39.24759763327702,38.221692079141974
gradient_boosting,512,0.03,23.262512105631917,39.24594504661327,38.220062880993304
gradient_boosting,513,0.03,23.25516385863589,39.24703170174976,38.21828596530295
gradient_boosting,514,0.03,23.24352131210162,39.25047942702628,38.20805820740142
gradient_boosting,515,0.03,23.23363188506829,39.256290312719464,38.220045248413484
gradient_boosting,516,0.03,23.228807779154565,39.2475400384272,38.22003221906453
gradient_boosting,517,0.03,23.21205181397933,39.23730453920812,38.21010206850689
gradient_boosting,518,0.03,23.20412453329642,39.232628448997595,38.200845512574865
gradient_boosting,519,0.03,23.192307486592167,39.23321353333532,38.20544669927607
gradient_boosting,520,0.03,23.18193023605565,39.23467936502379,38.1923188397411
gradient_boosting,521,0.03,23.167303473151758,39.24447444464067,38.19655208383758
gradient_boosting,522,0.03,23.15025068435528,39.23359376105101,38.20024882873509
gradient_boosting,523,0.03,23.14068512340362,39.23309661851966,38.199046960169255
gradient_boosting,524,0.03,23.130011014511574,39.220463986915064,38.209185933799354
gradient_boosting,525,0.03,23.124900957646627,39.21071280112702,38.198324751237415
gradient_boosting,526,0.03,23.117249366897255,39.19172043049014,38.20153452609668
gradient_boosting,527,0.03,23.10849379307442,39.190053242595575,38.20062894139462
gradient_boosting,528,0.03,23.09869319534675,39.19606327100824,38.199959729776225
gradient_boosting,529,0.03,23.09368531252724,39.208051836840006,38.204895752123036
gradient_boosting,530,0.03,23.083841793873223,39.21048008735638,38.210456638314355
gradient_boosting,531,0.03,23.07197377061488,39.20243294446667,38.21069127977977
gradient_boosting,532,0.03,23.060683789733567,39.20036059109573,38.2021284419297
gradient_boosting,533,0.03,23.047472370745943,39.1941841387595,38.206012889763514
gradient_boosting,534,0.03,23.029039106607044,39.18063441337258,38.18245900581998
gradient_boosting,535,0.03,23.019779102993947,39.1959334950866,38.18620123880935
gradient_boosting,536,0.03,23.008256922595656,39.1873634145768,38.1830488195203
gradient_boosting,537,0.03,22.998086697095893,39.19882166132468,38.19826579799623
gradient_boosting,538,0.03,22.980508040298368,39.18457722407291,38.192869834019476
gradient_boosting,539,0.03,22.96866026640768,39.18423485928583,38.18853084616729
gradient_boosting,540,0.03,22.954084960920895,39.17232501965328,38.19165808612153
gradient_boosting,541,0.03,22.936311475342208,39.16616437157382,38.190215581714384
gradient_boosting,542,0.03,22.92346909260787,39.161346343586814,38.1837360164426
gradient_boosting,543,0.03,22.914248200437015,39.16111606077783,38.17845050515154
gradient_boosting,544,0.03,22.894229887647388,39.150078093888666,38.164368394509225
gradient_boosting,545,0.03,22.883686089362588,39.164676351092496,38.157196477289126
gradient_boosting,546,0.03,22.869237403170015,39.1549704493668,38.156696959901744
gradient_boosting,547,0.03,22.864697841992136,39.15888408944445,38.159973795785056
gradient_boosting,548,0.03,22.8556528749792,39.16359291120235,38.155542186421954
gradient_boosting,549,0.03,22.840446760294057,39.168692059155525,38.15360718049616
gradient_boosting,550,0.03,22.827136672819385,39.1600541600463,38.137105034691125
gradient_boosting,551,0.03,22.818105285098977,39.16449919359937,38.1285688594408
gradient_boosting,552,0.03,22.810713267130808,39.175098236588866,38.12554954409927
gradient_boosting,553,0.03,22.804688482089052,39.16938879460361,38.12636291700799
gradient_boosting,554,0.03,22.7987628379391,39.17199382020465,38.118783956106945
gradient_boosting,555,0.03,22.78232631139525,39.17147195786727,38.11230186393093
gradient_boosting,556,0.03,22.771371114109055,39.187661820397416,38.10882852847572
gradient_boosting,557,0.03,22.762287128718135,39.18963638896515,38.10779625364244
gradient_boosting,558,0.03,22.75621308616032,39.18702694346976,38.104914839275985
gradient_boosting,559,0.03,22.73841704882979,39.1707409481473,38.100271565183306
gradient_boosting,560,0.03,22.725176704437086,39.161714752722744,38.093058893741635
gradient_boosting,561,0.03,22.711335299583673,39.14660691436161,38.095333220180684
gradient_boosting,562,0.03,22.711526354318806,39.139755196685634,38.09412974041741
gradient_boosting,563,0.03,22.705126663648194,39.13436306273238,38.09247546567466
gradient_boosting,564,0.03,22.69875476916528,39.14009565470628,38.09409149318029
gradient_boosting,565,0.03,22.684430106403575,39.12879787642496,38.090187063580174
gradient_boosting,566,0.03,22.670439956162408,39.125447014038926,38.09396824036409
gradient_boosting,567,0.03,22.665287290740046,39.12513894630141,38.095568921447104
gradient_boosting,568,0.03,22.64915447317892,39.13353786847344,38.1082032900763
gradient_boosting,569,0.03,22.636443255198937,39.12947630728006,38.09316966963327
gradient_boosting,570,0.03,22.626010756934964,39.12372024320186,38.086382765538566
gradient_boosting,571,0.03,22.61991652522634,39.11724975239571,38.08642812172514
gradient_boosting,572,0.03,22.606476053435635,39.12318352769167,38.08774658925566
gradient_boosting,573,0.03,22.60039090192128,39.13518345159254,38.088023510911036
gradient_boosting,574,0.03,22.583979615202345,39.139956491106766,38.07359370764207
gradient_boosting,575,0.03,22.577967045304245,39.13287662505001,38.067532847410064
gradient_boosting,576,0.03,22.555127197813782,39.122964846286344,38.054689675862825
gradient_boosting,577,0.03,22.537115083774555,39.12874189408851,38.04392271753945
gradient_boosting,578,0.03,22.52948064249223,39.13826569559772,38.05274581817902
gradient_boosting,579,0.03,22.526625350035882,39.13821085868768,38.05495762008746
gradient_boosting,580,0.03,22.51262095421077,39.12218884391257,38.054763748114674
gradient_boosting,581,0.03,22.506557193110236,39.12661621196285,38.06064943281066
gradient_boosting,582,0.03,22.49098789181261,39.1275007097745,38.04346525744304
gradient_boosting,583,0.03,22.479183262425543,39.12345829876793,38.04429923332386
gradient_boosting,584,0.03,22.466757178668036,39.120193205615664,38.046546696045
gradient_boosting,585,0.03,22.452674514152672,39.12902047270379,38.0231125082868
gradient_boosting,586,0.03,22.44268856873462,39.130968488105516,38.02505929038821
gradient_boosting,587,0.03,22.437346349878958,39.13509860018321,38.02638496108346
gradient_boosting,588,0.03,22.42725884422101,39.13823765831129,38.02764174914768
gradient_boosting,589,0.03,22.41966960082173,39.13848274906006,38.043167619708086
gradient_boosting,590,0.03,22.406681721204027,39.122620362393725,38.03225515971138
gradient_boosting,591,0.03,22.39537188381491,39.120861942327934,38.03713238359798
gradient_boosting,592,0.03,22.382812641780696,39.122119058168586,38.02957129013831
gradient_boosting,593,0.03,22.37595141903984,39.12155887713533,38.03280275408441
gradient_boosting,594,0.03,22.37564588836882,39.12230234856344,38.03571042435975
gradient_boosting,595,0.03,22.370948286849195,39.10864900652248,38.02213132803914
gradient_boosting,596,0.03,22.362597079736265,39.118916267100346,38.00731640854517
gradient_boosting,597,0.03,22.35034064194186,39.11986415513361,37.997914550339054
gradient_boosting,598,0.03,22.3401111710803,39.12988018847228,37.99206143038816
gradient_boosting,599,0.03,22.334697329296333,39.13306543393844,37.99290560641281
gradient_boosting,600,0.03,22.31958848229469,39.14295399112187,37.991019167007664
gradient_boosting,601,0.03,22.30764849649696,39.14437535788947,37.992606464469326
gradient_boosting,602,0.03,22.29220145413793,39.15474651946205,37.990674547327465
gradient_boosting,603,0.03,22.2784477385427,39.1395902065487,37.986835182098034
gradient_boosting,604,0.03,22.27360193018289,39.14602764630815,37.9894532648356
gradient_boosting,605,0.03,22.26099829563921,39.12434971214188,37.979577064404204
gradient_boosting,606,0.03,22.244806544423486,39.134844897956484,37.97608899913486
gradient_boosting,607,0.03,22.2299451408509,39.14036547000617,37.96947925063398
gradient_boosting,608,0.03,22.22204176015618,39.14215997728596,37.969446541065906
gradient_boosting,609,0.03,22.210523000301375,39.13721228430057,37.97061928071819
gradient_boosting,610,0.03,22.20897078669835,39.13628290640868,37.97416983964488
gradient_boosting,611,0.03,22.197007927483902,39.137751250830895,37.9635984356644
gradient_boosting,612,0.03,22.18359965785862,39.131115662905685,37.94628544564082
gradient_boosting,613,0.03,22.176332578866166,39.13230577203568,37.941020981702295
gradient_boosting,614,0.03,22.168121056266493,39.14555765033251,37.944339256854875
gradient_boosting,615,0.03,22.151833860295344,39.120894553792226,37.92583104345244
gradient_boosting,616,0.03,22.14922646755013,39.11697397463982,37.914990616723344
gradient_boosting,617,0.03,22.136205684240096,39.10923916667836,37.91502128245192
gradient_boosting,618,0.03,22.130898709251976,39.094505788663476,37.904633526210645
gradient_boosting,619,0.03,22.11969647954228,39.09687294577766,37.910398611557
gradient_boosting,620,0.03,22.112580084680427,39.10073516515674,37.91019210842439
gradient_boosting,621,0.03,22.106996463525448,39.10471578296976,37.89649942479643
gradient_boosting,622,0.03,22.10097859588314,39.10599978986472,37.915698728544655
gradient_boosting,623,0.03,22.088536511447046,39.10093183865559,37.91129883957445
gradient_boosting,624,0.03,22.081958434116043,39.09670540192719,37.913817081890976
gradient_boosting,625,0.03,22.074210059797327,39.110065635979794,37.9147259125867
gradient_boosting,626,0.03,22.060645613075557,39.10987676886455,37.91432459047442
gradient_boosting,627,0.03,22.03632066643734,39.1059824808498,37.8975359344087
gradient_boosting,628,0.03,22.026346507049528,39.09826721165146,37.88900655599991
gradient_boosting,629,0.03,22.020837146980327,39.10108227173325,37.89000133300439
gradient_boosting,630,0.03,22.01344090975548,39.07673324685005,37.88346214114284
gradient_boosting,631,0.03,22.002908075894805,39.07724527077697,37.87730877874542
gradient_boosting,632,0.03,21.98966291859909,39.07939309703044,37.875464172596246
gradient_boosting,633,0.03,21.98160267388678,39.08366008820814,37.87100259893494
gradient_boosting,634,0.03,21.977642810924074,39.10151111772948,37.869362977540405
gradient_boosting,635,0.03,21.96120563040708,39.10516905933716,37.84809218860957
gradient_boosting,636,0.03,21.94877372577081,39.09638502230064,37.8361463820153
gradient_boosting,637,0.03,21.94051347750489,39.08897921422815,37.83590444703021
gradient_boosting,638,0.03,21.932253186911687,39.10031872159925,37.8380104424473
gradient_boosting,639,0.03,21.924563057656034,39.09835841468333,37.83424343553828
gradient_boosting,640,0.03,21.914106961575598,39.09136042000487,37.836102910587165
gradient_boosting,641,0.03,21.897845923620174,39.07975959608002,37.829533249049135
gradient_boosting,642,0.03,21.893451595647864,39.062206341192955,37.82572461510783
gradient_boosting,643,0.03,21.88730270731135,39.05032095533782,37.817150031558725
gradient_boosting,644,0.03,21.874589256497842,39.06606935947998,37.82316485223162
gradient_boosting,645,0.03,21.86776031146094,39.077192015253765,37.83035533930692
gradient_boosting,646,0.03,21.85708799087421,39.07897357119279,37.82582505710003
gradient_boosting,647,0.03,21.839944655138318,39.066375460261696,37.82429369766866
gradient_boosting,648,0.03,21.826816582256107,39.09029634926198,37.82981200166604
gradient_boosting,649,0.03,21.820760467138008,39.07923764066686,37.82470383309523
gradient_boosting,650,0.03,21.815371698651187,39.08579002595738,37.826893062893184
gradient_boosting,651,0.03,21.80798037529042,39.083209506507174,37.820967786649604
gradient_boosting,652,0.03,21.802603559383336,39.07910381724464,37.81242634706147
gradient_boosting,653,0.03,21.791790683910353,39.08895785274176,37.82046265655344
gradient_boosting,654,0.03,21.783086605403128,39.087974050964284,37.81697207944412
gradient_boosting,655,0.03,21.774875864134206,39.10011890968336,37.82186210157221
gradient_boosting,656,0.03,21.769999553376056,39.1089976773872,37.82722287627669
gradient_boosting,657,0.03,21.753911931232565,39.13067249422307,37.826204065592734
gradient_boosting,658,0.03,21.753937718672287,39.13272767046071,37.82884466944539
gradient_boosting,659,0.03,21.74135793683494,39.126155420319826,37.82655634568678
gradient_boosting,660,0.03,21.724791408962098,39.123269090270554,37.82914200264923
gradient_boosting,661,0.03,21.716781913811914,39.12399260975548,37.82594138721598
gradient_boosting,662,0.03,21.70647982460804,39.12112063518599,37.815042730732884
gradient_boosting,663,0.03,21.699727356498112,39.128621791969756,37.820947288286156
gradient_boosting,664,0.03,21.68368174337779,39.1214150290671,37.81137342327068
gradient_boosting,665,0.03,21.675517612438533,39.10959003174372,37.78846503189817
gradient_boosting,666,0.03,21.66262203935417,39.10770862678735,37.785469825405315
gradient_boosting,667,0.03,21.651392648042957,39.10864040015794,37.77814826776922
gradient_boosting,668,0.03,21.645815421033664,39.11611476590285,37.77667298535088
gradient_boosting,669,0.03,21.639206623530907,39.11973341814872,37.78600145183035
gradient_boosting,670,0.03,21.636886016579897,39.122259030282386,37.78080749916846
gradient_boosting,671,0.03,21.63485582836049,39.115432834436064,37.782251066036835
gradient_boosting,672,0.03,21.624923851445107,39.105336133337026,37.77324070787315
gradient_boosting,673,0.03,21.62122376431522,39.12192054029095,37.79885309841707
gradient_boosting,674,0.03,21.60816753705851,39.139903181325,37.79557380734976
gradient_boosting,675,0.03,21.59361380888233,39.12262153641963,37.79364022942006
gradient_boosting,676,0.03,21.57868642576635,39.122812956673364,37.780614556958625
gradient_boosting,677,0.03,21.56860815922457,39.130693985428096,37.77544744564397
gradient_boosting,678,0.03,21.564399892843692,39.13549043700401,37.76783731231473
gradient_boosting,679,0.03,21.560602012444352,39.14437993860769,37.761519681033626
gradient_boosting,680,0.03,21.55131312206241,39.14108313732464,37.75610429520632
gradient_boosting,681,0.03,21.53942157135907,39.142758769803734,37.76238887339297
gradient_boosting,682,0.03,21.525466696251954,39.135980103855815,37.77118932160489
gradient_boosting,683,0.03,21.515778242100183,39.150378253007226,37.771712157463
gradient_boosting,684,0.03,21.500296596225645,39.130303742112,37.7701519406118
gradient_boosting,685,0.03,21.490545300727074,39.13899667201853,37.779828114880864
gradient_boosting,686,0.03,21.482220969213028,39.140809109865806,37.77737932629861
gradient_boosting,687,0.03,21.47500087884722,39.12700106526137,37.77599545760559
gradient_boosting,688,0.03,21.47177782998987,39.125126597495694,37.77325923665957
gradient_boosting,689,0.03,21.457084411794973,39.127880072993115,37.777701779502216
gradient_boosting,690,0.03,21.447087764674077,39.13202232388899,37.773495121846665
gradient_boosting,691,0.03,21.432488452121653,39.12008401903372,37.75218584914395
gradient_boosting,692,0.03,21.42435237257767,39.133493211555795,37.7657095360214
gradient_boosting,693,0.03,21.405373847694683,39.11457380498864,37.75663600410425
gradient_boosting,694,0.03,21.39518166766222,39.10511636688408,37.75431164523691
gradient_boosting,695,0.03,21.39315838602966,39.102953389007006,37.749312769992606
gradient_boosting,696,0.03,21.385980926741762,39.09033297655092,37.732911313430584
gradient_boosting,697,0.03,21.382072241006448,39.08675004084078,37.735380949417326
gradient_boosting,698,0.03,21.378361337865545,39.08783924530109,37.74213250605557
gradient_boosting,699,0.03,21.3711251399118,39.086054933333905,37.74170514598172
gradient_boosting,700,0.03,21.364712686493068,39.08672305288834,37.74320816240895
gradient_boosting,701,0.03,21.3550959680855,39.084380685786606,37.74624852299455
gradient_boosting,702,0.03,21.339577149476213,39.06919761675983,37.73920336205079
gradient_boosting,703,0.03,21.32820389751474,39.059229338433305,37.72562797836895
gradient_boosting,704,0.03,21.319600019464772,39.05957583586363,37.725658207709145
gradient_boosting,705,0.03,21.304304299368418,39.05614793517165,37.716541401727966
gradient_boosting,706,0.03,21.300871880451652,39.05745688443984,37.72031031223399
gradient_boosting,707,0.03,21.295677484419354,39.04658606247498,37.72195121775811
gradient_boosting,708,0.03,21.287514667201044,39.045622780026555,37.73437834004812
gradient_boosting,709,0.03,21.280401650019023,39.05183074343141,37.72992051862103
gradient_boosting,710,0.03,21.27038874805454,39.04461352039025,37.7263793886419
gradient_boosting,711,0.03,21.257220684649717,39.05060549229483,37.72316652140058
gradient_boosting,712,0.03,21.246883243744584,39.04424231410469,37.716307831442194
gradient_boosting,713,0.03,21.238768174802015,39.04794177731504,37.7239476427249
gradient_boosting,714,0.03,21.224205727764648,39.04961088952813,37.735492417166924
gradient_boosting,715,0.03,21.218253011604453,39.049016906983496,37.734707413371794
gradient_boosting,716,0.03,21.209135176649472,39.04181347277343,37.74150234515254
gradient_boosting,717,0.03,21.20370713496558,39.03758715577992,37.74636675902307
gradient_boosting,718,0.03,21.201871491764653,39.04084595829688,37.74305847027558
gradient_boosting,719,0.03,21.196335662411773,39.04755688670075,37.73371585858911
gradient_boosting,720,0.03,21.1957358386865,39.03525962077528,37.729274906125674
gradient_boosting,721,0.03,21.190095595246436,39.044680373367925,37.74061166665001
gradient_boosting,722,0.03,21.178190106138768,39.04188929815712,37.73660178610162
gradient_boosting,723,0.03,21.167140367468875,39.06015879770927,37.736048637608064
gradient_boosting,724,0.03,21.16159606847298,39.06408111801905,37.745343059772004
gradient_boosting,725,0.03,21.15654443764325,39.06063868455392,37.747093587236556
gradient_boosting,726,0.03,21.147198680382907,39.05480817701796,37.74506947749516
gradient_boosting,727,0.03,21.142350453674077,39.053752405173974,37.7428791395739
gradient_boosting,728,0.03,21.130537667343862,39.05854796503064,37.753373019249594
gradient_boosting,729,0.03,21.121277584767416,39.07139148178573,37.75821843212175
gradient_boosting,730,0.03,21.11101497482976,39.06183588374061,37.74645414473711
gradient_boosting,731,0.03,21.109696645922416,39.06684122640864,37.74610970601138
gradient_boosting,732,0.03,21.099138722225625,39.07001734515421,37.73906493341679
gradient_boosting,733,0.03,21.096212867204795,39.07648010991657,37.74057523476601
gradient_boosting,734,0.03,21.09002173628301,39.09191353181449,37.74878229429249
gradient_boosting,735,0.03,21.078521243182063,39.091822966143994,37.739662005037516
gradient_boosting,736,0.03,21.0689709063852,39.08147981894412,37.74078013934865
gradient_boosting,737,0.03,21.06356567615234,39.07896910935915,37.74112500578062
gradient_boosting,738,0.03,21.062228849919556,39.0724622107543,37.743622282646314
gradient_boosting,739,0.03,21.05595564476733,39.072890139485,37.74388152889677
gradient_boosting,740,0.03,21.04749486368259,39.07380249207122,37.738428331718
gradient_boosting,741,0.03,21.038566861601197,39.069515098385054,37.7446211792518
gradient_boosting,742,0.03,21.036369463415515,39.06024292515285,37.7442688678163
gradient_boosting,743,0.03,21.029436732067722,39.058370428589015,37.74371167814289
gradient_boosting,744,0.03,21.019691484297123,39.05892001123672,37.769175966914666
gradient_boosting,745,0.03,21.017297184343565,39.0625784644009,37.77717251115628
gradient_boosting,746,0.03,21.010711192243303,39.061636119561655,37.78266889931794
gradient_boosting,747,0.03,21.005623863666244,39.05749848464685,37.776584751908466
gradient_boosting,748,0.03,20.992442782218316,39.05328873790403,37.7783755181801
gradient_boosting,749,0.03,20.989038652999938,39.06085248291999,37.778660867486124
gradient_boosting,750,0.03,20.981141968792844,39.06359606145821,37.79011079949839
gradient_boosting,751,0.03,20.977700996873267,39.08088625761743,37.79391468802532
gradient_boosting,752,0.03,20.96359358502235,39.073380799811396,37.781207639627404
gradient_boosting,753,0.03,20.955705834698417,39.06874991674069,37.787344876719814
gradient_boosting,754,0.03,20.945518835410958,39.067294450526944,37.78269098321468
gradient_boosting,755,0.03,20.9325838879631,39.069905192511804,37.78133599729817
gradient_boosting,756,0.03,20.924230541802352,39.05173796797861,37.78999815471134
gradient_boosting,757,0.03,20.909179989785702,39.04236793916144,37.787817384341274
gradient_boosting,758,0.03,20.902313767542726,39.04063956875077,37.782724717482836
gradient_boosting,759,0.03,20.899803401642128,39.03794379341255,37.78609935690175
gradient_boosting,760,0.03,20.888238594442655,39.043473222065025,37.77879926224592
gradient_boosting,761,0.03,20.874654965411448,39.05010084115901,37.788648373594654
gradient_boosting,762,0.03,20.866029770036487,39.06253101365176,37.78736968063444
gradient_boosting,763,0.03,20.85303269218962,39.05038017283612,37.78211270901659
gradient_boosting,764,0.03,20.849327031873365,39.06116559821446,37.78684650326502
gradient_boosting,765,0.03,20.83259463717371,39.05500328930251,37.78434805793176
gradient_boosting,766,0.03,20.823287065925488,39.05889524900067,37.77919874453133
gradient_boosting,767,0.03,20.809841764373807,39.0566209784416,37.76905226415941
gradient_boosting,768,0.03,20.799932640338834,39.066969444840595,37.77141331242493
gradient_boosting,769,0.03,20.790818990542984,39.074983112724766,37.77161622072663
gradient_boosting,770,0.03,20.77528791691959,39.06918549123698,37.75356822811197
gradient_boosting,771,0.03,20.768471960179266,39.07428690053508,37.74703387311447
gradient_boosting,772,0.03,20.754764331746074,39.06350834913145,37.73428261803727
gradient_boosting,773,0.03,20.74429704040237,39.06305701262465,37.733047109727515
gradient_boosting,774,0.03,20.73346354004047,39.05643710858329,37.73805713391169
gradient_boosting,775,0.03,20.725608502155,39.061154407553886,37.74205953615739
gradient_boosting,776,0.03,20.719784298373693,39.0547896003322,37.752908522954165
gradient_boosting,777,0.03,20.716671796337994,39.06329750003065,37.76008244423508
gradient_boosting,778,0.03,20.711201884518484,39.069417059210075,37.76312719844346
gradient_boosting,779,0.03,20.705002766175618,39.077035678693534,37.76439833640505
gradient_boosting,780,0.03,20.690527104948575,39.076096715577584,37.75695433804977
gradient_boosting,781,0.03,20.68014486596318,39.07402640459527,37.75682072203322
gradient_boosting,782,0.03,20.679620931448827,39.0773613605664,37.75991905667932
gradient_boosting,783,0.03,20.67161951023131,39.0726167139865,37.755658870574315
gradient_boosting,784,0.03,20.661303249577717,39.07495940859741,37.75455988681009
gradient_boosting,785,0.03,20.655692503571263,39.08446145886829,37.74935849539479
gradient_boosting,786,0.03,20.650028487961553,39.07528392075307,37.752472770068515
gradient_boosting,787,0.03,20.64304597852204,39.06977759949895,37.74825487685573
gradient_boosting,788,0.03,20.639967415163504,39.07894429150105,37.748405420352064
gradient_boosting,789,0.03,20.629956229070704,39.07435914418958,37.74867703145445
gradient_boosting,790,0.03,20.61883045032512,39.068066985858586,37.75731038000603
gradient_boosting,791,0.03,20.609382516791452,39.06568961818838,37.75670251895043
gradient_boosting,792,0.03,20.597828334475185,39.0563203255957,37.753638554315856
gradient_boosting,793,0.03,20.580458356576443,39.05221285754428,37.75363724090752
gradient_boosting,794,0.03,20.568524766279328,39.04446336233226,37.73508262601557
gradient_boosting,795,0.03,20.567740080238053,39.0432514703639,37.73300209857036
gradient_boosting,796,0.03,20.559136071520786,39.037566717867776,37.728814170676515
gradient_boosting,797,0.03,20.5496042279763,39.04090382246086,37.72241529622822
gradient_boosting,798,0.03,20.54137264654625,39.03962405538073,37.721810212999294
gradient_boosting,799,0.03,20.53992059928088,39.0413229082913,37.72285037343441
gradient_boosting,800,0.03,20.53296169843985,39.03876637460997,37.70893961129918
