,SHAP_NumValenceElectrons,SHAP_HeavyAtomCount,SHAP_LabuteASA,SHAP_Kappa1,SHAP_NumRotatableBonds,SHAP_MolLogP,SHAP_TPSA,SHAP_NumHAcceptors,SHAP_FractionCSP3,SHAP_HeteroAtomFraction
1491,-71.68303551051393,-49.95849213889799,-29.833122832041525,-24.180105638556373,-15.57452852610829,-1.9149485675682223,1.8957161802546973,-2.0493052088827786,-11.469486288765316,-10.333737126652538
1396,1.0128369022725219,-3.2629646286707943,-3.6162642684825657,-3.3398219180747306,2.2444949075131286,-0.5737191717361799,6.88994359133117,0.8068434181826124,-3.7669797628186954,8.983061465893064
1647,-44.936402176099996,-23.640543149041886,-14.767363193654496,-23.361909685116597,-13.724694742722036,-2.302255922396625,-1.7129030285551612,-2.386846469236788,-13.749741276440279,3.861886791777765
588,-69.15174444978499,-54.88313350107598,-6.64270484917718,33.226806838654426,-20.367135907249324,-8.452752967496206,-3.309987015054041,-1.5342511137103345,-20.403695053732747,-21.71772624036218
1937,-40.752798009741795,-28.125099595234712,-18.873574281058175,-23.73048846332218,-13.595843176131375,-2.8385270123363857,3.285731618136004,-0.33330419394224037,9.062301787599914,6.795140160553708
420,-37.145454474162015,-21.430739523982144,-8.34915889144937,-17.50913571861244,-13.007285322316482,-1.048976227004643,3.4042916635995657,0.09588972667183596,-13.744132776139871,5.401717363918186
1039,79.38152663380025,69.11058486071842,41.036269050962126,31.61156922545946,-16.8604107888374,-7.112441137301539,0.2900306756087296,2.447970326870198,-7.322557820378332,-1.4506441520608968
1892,-45.188827387051624,-30.796879343528822,-25.064628026979502,-19.429047854431943,-12.851864335021897,-6.36279388209741,-3.321837609012701,-1.387697234320224,4.1675324199932655,2.2952995892858783
364,10.245782591202072,1.362840517468865,-6.457396117034792,8.70766718660716,-4.381861149329633,-3.6391966890308356,-4.002300958867921,-0.8295190155493799,-8.438460241958955,1.741851117986391
1001,-58.57965493132746,-40.25494797708246,-32.785774755866754,-31.021465872113314,-13.888226232743785,-4.093835194473897,1.5415576033836254,-0.9834122833123545,10.381259940746306,1.4414232039830674
268,85.79628690186352,33.306906349916964,5.557163135084514,46.02665131443016,-9.026165091440953,-6.039793884008895,-0.18168440087607188,1.366668386993905,9.133319725587064,-6.615892820290851
1035,-30.37618496478221,-23.740892734182992,-14.576531046317404,-21.4405452262833,-13.442184409032597,0.31706576881894216,2.811646975849973,-0.44941315001750576,7.878399271162278,5.143547883912474
1245,-18.786240034824427,-22.875874415471657,-12.30634174487118,-3.16628000291667,7.383852187019794,-1.4729103843331943,-5.0449949652493995,-3.807869058105455,9.700856261244626,6.087911608224037
64,-39.90112511514018,-31.753368206338937,-20.844153102123336,-14.027258631478432,0.5199591589114854,-1.4388432241286027,4.918705448711068,-0.11367644979973886,10.628046415722029,7.105910700406884
1149,158.88526871401953,100.39489207488764,67.53879987012664,59.20123489188158,22.32546846280657,-0.9161713269866005,0.9651081306506412,0.8576972377410296,11.901240084858829,-1.1389662126402036
1070,147.81917904232012,95.5130032872277,64.21232606107208,51.83567399607219,29.657137097942336,3.2910423075476767,2.114057418960717,1.4661194954934518,14.406004664823673,-3.2512601698184307
17,-74.21307406807045,-54.64008170816459,-30.84922807178461,-27.082914193466024,-15.736956789276432,-6.446762842416579,-3.080629263335083,-2.918098865934107,-14.033752429923238,-14.253522841562114
1057,-4.540508114448044,-13.396698728348456,-5.436464064563955,4.954865431422963,12.729252682417346,-1.90320226379783,4.998474920577468,0.6948411108339387,15.79608900174947,7.395774034673863
713,-41.23592092503396,-44.287695338180285,-11.076165481943669,-4.6551784741995865,-17.448426517079096,-8.37620203183988,-5.642559456512253,-0.8318901423363486,-19.27165965655291,-22.199930111722598
331,-2.7075224989054054,-8.387823579400777,-7.947467096782834,-8.67095689503934,-14.579209118445197,-4.7964046778258105,-0.3220461060214562,1.00147356761922,1.4941453279900594,2.863879742198983
985,-56.57028773938465,-38.1745009021809,-29.8856850245005,-24.116767861597015,-10.576500886224336,2.898534032532246,1.810098061364337,-0.5417321492545079,11.555038615966811,-2.581375322146552
558,-73.27712899814895,-46.97267132020019,22.243593649551123,20.493916840101452,-18.47801278622814,-9.637371801437178,-4.852056399132549,-0.5660409422182157,-24.76932119409339,-21.00410104955349
1885,-46.893313817564355,-35.67435495992665,-30.506245083089826,-19.045743078717205,-12.783408450349278,-9.636662143863484,-3.2170381861785518,-1.8272234783235213,8.674165341986798,1.7502657073148238
233,-38.814465701699234,-24.122183711120325,-17.218822969998627,-24.020526188109645,-13.496629318047583,-3.8965360929070982,-2.9262166789826813,-0.9647313534476539,-14.880777283217514,3.887714817033185
200,-7.735790962837842,-11.506837019598649,-9.65370991369884,-22.551106589648416,-19.210724181863437,-4.414622459421843,3.6016751882759994,-0.4685712517345559,6.05748909189697,6.711877523538816
1947,-69.22615059993576,-45.004467625185335,-37.89532002673829,-36.97484015133974,-15.972175709340556,-5.265875569382317,0.13871721241391827,-0.9681305750049175,8.702996357262025,3.829718908683849
778,82.94901315247823,91.12341919358978,47.95552468763386,50.68571220926163,-9.742739660904661,-3.071340491257879,-0.996139227532273,1.7781322657757268,-22.832661894549727,5.82196465625049
2020,-52.686606028835044,-37.30855777722316,-33.07557627517022,-19.70721594801463,-7.991443092571153,-4.160985382392851,0.08568868680458391,-0.47790020389467125,10.203670233526092,1.9297076222957164
1190,-42.609140236835344,-33.34738113447318,-25.401117015532765,-16.419405443980416,-0.5708813402404079,-4.5866334642872975,2.1203108795016905,-0.6003426522075975,9.667931961497956,6.169084220069575
367,-29.82913993315164,-16.85722210524651,-13.448867926578146,-23.648415268343186,-15.376845577776924,-6.806840619066476,-8.583228563863571,-1.9425751145494845,-23.61469056032211,-1.2474122627745035
844,-34.61231037661076,-14.07015784192435,72.16153574665972,50.774931364608086,-22.956900360786552,-2.9926896689001663,1.454152300044485,-0.4893737571125983,-23.668071776941947,-16.052129302663758
237,-20.484773996449803,-14.503414930210747,-12.191457526157441,-18.624396127978965,-16.036436668009895,-4.939209749063353,-2.474637668561517,-0.3625110699357238,-3.2175923582160872,-2.9778093985162757
537,214.8230816098027,195.1941103502802,124.48462036786292,67.35029534747437,25.398486927675663,13.139517650775826,-8.293179982767748,-6.224997070296096,-28.515132796198234,2.6835153199738064
1539,-41.9459008997679,-33.18165355949733,-24.36885192581361,-15.835759057590776,-8.535241199359573,-3.4530042352385766,-3.606667746675925,-3.1214603665441194,9.401128403109455,4.361133662207717
1753,-67.00961575074136,-43.25754503464909,-34.58700555255722,-30.20825966920405,-14.002180822014529,-5.330962586318366,0.5277280239994213,-1.0916074440026626,-7.376925787884218,3.9101094430176317
97,27.7120265797406,2.9225261496594057,1.192129424081732,40.924624079733235,51.87703038774398,16.620259480281273,-2.6382492510883533,-2.779050858840262,16.592187824487407,9.613659703151892
341,-21.606961239117528,-11.372220485341876,-9.814330926249161,-16.608009037376064,-11.298424802339365,-5.325783637199554,-6.826472107319077,-0.5059263821835108,-19.306619725810442,-6.502260284633956
129,2.035894377913343,-6.308841904118305,-7.154827029942988,9.868358803594841,-1.8622362806452653,-2.930892172389674,-1.218065378575987,0.23374880609514692,-0.2595881347311775,3.510477663599737
1256,86.9945769574311,80.93219597419983,49.941709259071246,27.12565108417728,-15.595554043055097,6.403176678986464,2.3478578848544167,4.019989435253201,-10.67204936011999,9.029060038973952
511,-7.845856601286104,-4.656816002271037,-5.141203099639398,-23.410239821832462,-21.339169945012223,1.6194226474491364,0.7368300589685953,-1.371812023237072,-16.99885537932921,6.013924074746516
415,-31.36785864820637,-18.622959845662407,-9.830277179574706,-18.64187548260949,-11.40822180754748,-4.063524720613597,1.7315522542010697,-1.4245344815251086,-1.327021146188724,3.7330911770808175
1209,169.11472768422692,108.33457502048729,76.9443153005918,62.78471530094926,83.43793894377986,41.65697277550462,-7.151468012690985,-6.177036869324592,24.716932295400905,8.45779776031212
1332,71.75071018444822,42.31796821992597,19.76745197865402,33.65196176431474,28.39980052078267,1.0385862547513889,-6.2680238582929535,-12.053511438993688,6.61955139361116,4.702811891428987
1855,-56.564425865912376,-36.96182944177741,-27.180107894169616,-22.393054597153935,-14.405511264520424,-8.8409993857726,-1.5246723146755161,-1.0790791563589943,5.130187005690566,4.682968362268619
1781,-57.788937354919845,-37.05965449765079,-28.387876555009395,-32.998841936812575,-14.777906271609023,-4.815051518331383,-3.2676357743721387,-3.252224143790765,-6.276540573919969,2.6327951811795702
14,0.6884277558317917,-10.472904247589362,-7.471831954159422,3.1963990374896185,8.22550390704357,-3.5966068875997466,2.878307769371615,0.34728560802323327,13.195059182606887,-2.7963749471704156
610,-7.9149213172843425,-12.89171304335085,-4.530715314007704,-5.059898304546386,-12.796167933581735,-0.48856656649429325,7.664921491342173,1.4369779382478827,16.14756827510696,10.91181407018426
798,-39.72656215412347,-11.56773204085375,-5.721130126092963,-1.769077116931519,-14.339658924659988,-6.438605133146258,-1.3085013489061135,-0.46989292359653984,-21.580478940582523,2.6755036862761745
957,-12.500355816621875,-19.808172563278404,-6.754409597162839,1.69799680166531,2.3247606655208126,-0.19333609134697194,6.838321591888367,0.03737260779443658,13.770390953720089,6.091008125285756
875,-16.289164604180733,-17.68770452321974,0.13580643153019445,47.739802442751746,-21.305478223194775,-10.122411248515283,1.3742309433197346,-0.6524227711740164,-23.35581364676086,-17.545284571959186
1899,-44.830373708532434,-31.502959731142113,-24.234300826941467,-19.13757803711541,-1.7307383088706574,-6.1736377190685685,-6.145033080886032,-5.103180615122747,0.9417999670802987,1.8755814204226942
1996,-53.122450178459545,-29.596858185931463,-22.807779663565945,-31.313951712921053,-14.861865055554428,-7.765359209994889,-2.671403767980543,-1.6071593784987424,-15.987479523947261,-2.6248121865896894
1942,-55.61489121146256,-36.46793414955396,-25.643607276795674,-33.68756898643725,-13.745398378345934,-7.343717186345881,-0.9595702284886661,-1.1640612021284877,8.08921341257738,4.407711149424558
1656,-38.27319659000952,-31.118531753403435,-24.137221217954767,-13.304303670450679,-4.291629410206786,-6.521783002721432,-6.45803067131822,-1.1293187184779618,7.720327730463591,5.152063805364647
1890,-42.31141317207343,-33.03523605130855,-22.885770851920203,-14.289133246526966,-14.10254319844735,-6.044775034116431,2.895221679429055,-0.3667971978366897,10.456134012615356,6.7038500127645575
1038,8.004079316556147,2.1289071853951347,1.6460119203801937,16.806077148329674,-8.990714389041944,-3.6482470449218822,3.6491982961432385,0.886251380922157,-3.2884573408723665,6.78185805402748
1722,-59.44949470861062,-35.50829762297951,-23.936683515058544,-20.138211327238825,-12.50627592663917,-3.608347094425346,-2.1499691338495808,-2.641084087285266,-3.783407095569912,3.8321592539203113
748,20.84513254097655,16.293524245716096,5.3222497803385815,2.449428719641423,-16.5430717256677,7.979159973639231,0.4114202081896648,-1.439241671572866,-21.6204561723608,5.686746974536551
597,-78.65461827320463,-56.082475466831745,-35.860159862173234,-30.36114647417365,-16.10740705387701,-7.8011551290087935,-3.8304470451619284,-3.160168883608432,-12.873654829761156,-12.472176142141445
104,-52.25925935664577,-38.009768437744704,-31.82044706461297,-19.47575054731011,-9.536534948184395,-4.636362142866613,0.6493721635558576,-0.5200992014462057,10.693936367240852,6.403244972777041
1303,-5.649902464719504,-13.123124746187901,-1.7392826475426164,4.304763286599927,11.861689169499448,-0.5177851485839634,6.68549453481747,1.2002839990527927,15.128185003283898,10.317534719637
347,-4.22501820531804,-6.7611127027855416,-9.339466028969799,-10.593787512872893,-11.79963297045982,-5.158873163337938,-9.352122054785324,-1.9499904784189823,4.424104746818152,-12.474442500898009
1743,-65.3676165407716,-42.96351471267241,-34.475742218467225,-29.189649297018263,-11.732236730047815,-5.419865940990619,0.0797797368753632,-1.0007965659269693,-6.821091751414098,3.9450828251967693
7,-11.073368276109695,-18.882132232320885,-3.816420825435143,5.76887594609906,-3.1367778685756824,-1.2911735369788988,8.245646858730971,2.0571443651921566,13.621495895465504,12.069326381592427
898,-37.40725642281638,-19.095108512839325,-12.005808036892121,-33.38665759949941,-14.966775169669868,-2.9834604143001378,0.6140750605118136,-1.1114759522659603,-17.70223718606163,2.4566381891147313
160,-31.998599326771814,-25.41419918023197,-20.264557196314488,-9.251060218932261,-7.3675785144268024,-4.377880096810408,-1.969963534819867,0.22287887231432832,10.12650397035303,-10.076160933250362
620,168.77729617739035,145.60954458070265,72.24081390010271,47.21539666769883,-38.080937131462605,-5.956857699415387,-3.4846068100611207,-0.7555110145749715,-0.23804936334799867,6.3286282088932335
446,-19.52640968553956,-11.237860845137098,-10.208884453131175,-15.888196306248576,-15.83293670871071,-5.46986327014546,-5.885233986738174,-0.475028338899026,-1.8297484260820598,-7.5899253758934755
1750,-53.13568680577455,-35.76009978159886,-25.44341346332244,-21.899071187628504,-12.312784738540143,-3.3818866355720316,-2.8580765795551666,-3.2357964257988105,-0.05850606923868379,3.2522939054814364
1184,84.95548037216997,67.50666647394658,29.971823684889987,32.91541191466749,28.335154120468847,23.419883705383022,-2.5420817983852912,-3.1615953467397695,13.524631059220999,2.594159558766792
2043,-38.74350761052307,-31.378553622735794,-25.781516550163335,-13.610468575752018,-3.4234257213863386,-6.605739746769968,-10.016841556183069,-0.9111681900093687,7.212112439912476,5.132091655749421
498,-67.3020647131238,-40.12200837748248,-8.558174260991924,36.51505947729815,-19.544347869954017,-8.116689778142373,-3.3239120662587585,-1.7884988498003977,-18.80196104163917,-20.593126557769555
1015,-30.338676482903736,-25.761907470154526,-14.823416640902828,-4.913128020790789,3.9573369074121065,-0.7596781210473422,5.6448526622089785,-0.42678312506203103,11.366410280338295,4.800610881875423
1094,94.54768147703939,38.14383538202855,11.349727758599204,52.363662408573525,-3.6990507629722464,-0.8366190823713876,1.9408515265422759,1.9761423502825313,8.229742151513308,2.6147191281085416
1449,-52.686606028835044,-37.30855777722316,-33.07557627517022,-19.70721594801463,-7.991443092571153,-4.160985382392851,0.08568868680458391,-0.47790020389467125,10.203670233526092,1.9297076222957164
770,7.223722703792822,73.88418103015655,78.38295400401275,49.570336369184766,-26.071769138640004,-8.761015285026014,5.179390740935771,0.10400132499094536,-31.207025716234604,-16.860513004036502
1119,157.10928277242445,101.54169959598225,67.57955280503239,60.56283134267945,46.03713850462649,3.3362855356578534,1.3120817588630378,1.3713301354901797,11.485079494926792,-0.41179278459580493
1202,-48.56610179387765,-36.809346979502244,-20.476933124928454,-16.38549960269178,-13.803121973886265,-2.439920784287512,-2.162571909997569,-2.9336337884413948,10.424519567865577,2.8377408924285983
307,-64.0225990451168,-40.59877160233761,-33.50607764910149,-32.80324895593757,-14.988381592723096,-5.130952550323588,-0.032598845216822804,-0.7682435790848321,-15.496427127761844,1.054337648201604
2023,-63.004095770504726,-41.77308820964238,-33.90567548746436,-27.792718626548844,-10.226247901932913,-4.462906951716745,1.233257342816577,-0.6603871247867001,6.043175878642861,4.4714163076874875
1277,38.23487454797083,19.918322150439185,7.846465063217548,52.45317321914992,13.378892214648696,-2.7751506236617307,0.6171578256500578,1.005650467224904,11.514165818302267,7.672141244221966
1818,-65.70291385940338,-43.48540949262009,-35.33324280175414,-34.555125633566306,-15.057415476165508,-5.8252385594508445,-2.4266977766354043,-1.1195613365988808,-1.2043928556197951,3.7124016203852133
1649,-49.852806225285015,-33.12341719104415,-20.933387905092776,-16.433413438594197,-7.358434351933124,-2.5747461990383824,0.6592862657831673,-0.14828359844403152,9.168992611496979,7.522315435129505
1832,-39.141099809908674,-24.275345921254154,-14.241977865478521,-20.094469441952448,-12.455588809736193,-2.09723201018855,1.0514855217428765,-0.1722919661830863,-1.707275949179658,7.137072781713342
1092,32.82251237790833,16.887725627708548,5.290431420212719,46.71819449937751,1.7009969288875275,-0.12156503411887903,-2.207677966315032,-2.5576884275860943,-3.278703562927546,3.0482297732404353
1623,-61.82341612205319,-39.766299990012236,-30.099688226323426,-25.85889036522648,-14.057460893083514,-3.2652119622615965,2.641561233800496,-0.5310917975597811,8.023454119059584,5.1138566199523705
1253,-62.90774295322136,-41.52567216855547,-32.845583864405256,-27.086840289191073,-10.611541340883335,-3.6364522326642237,2.371307842693544,-0.5498872526631501,-0.3167834795239904,4.471643702462304
1373,-27.893840043639077,-25.679249384108267,-19.37050657918993,-4.221762305278784,9.226242209754655,2.3904931857447034,5.220072870180202,1.1707479542993073,11.991903368587954,0.5963342438318217
761,-60.93002993070452,-41.963610527990305,-32.19713729478627,-21.945470502332004,-15.090203809803883,-5.255767979261115,-2.641847138279886,-1.2161217910879547,-16.143922091606274,-12.892619968364441
328,10.651825517702578,0.16719477385834003,-2.3024009056368864,12.504977509631082,-0.049291419481726405,-1.8248757169036507,3.351390150497725,2.1406252473215455,6.807595507811371,6.238446474913092
1467,27.580657203690595,2.0504174522745022,0.8714344367568924,43.118751146593745,52.17525349987578,17.1626570566861,-2.63569838215754,-3.0653837722782824,16.581799580098654,9.430531967347852
164,24.925471373982813,10.617811668604617,0.4965339812146318,43.173480450657024,43.55411020551311,1.850938083506763,0.272577854871242,0.3977270993761369,16.08534277822033,7.425438067540226
613,453.09223994763533,325.6221650918274,257.8962384218459,151.18731857298357,37.4280970215183,70.17120142591101,10.731146364574334,25.61483916386041,-18.31922659930771,6.203958956430518
317,-12.553143875867427,-9.578531488676852,-4.615314705860797,-20.227828875863604,-15.710359004862712,-0.5973717683617502,-0.07789439259069697,-2.627129891449735,8.055955310853335,5.960663855468136
78,51.80468573930669,15.56301009894868,3.812434560618086,46.923095445172166,41.93111988280402,-4.354845760038641,0.6777941440443153,0.25974856595423784,19.28643500039996,6.398007085871559
389,-16.609452973392436,-7.278717917588412,-4.292073583469716,-2.329590464718804,-13.498434835647489,-0.3403361881621719,-0.0014043885599350225,0.27043442982752375,-21.134353856488037,2.272956663270624
436,-19.999592727228492,-10.3526143148649,-6.917604489167216,-22.76081804604244,-16.4957748070455,-4.185415728080967,-5.176001956851868,-0.514264097130095,-20.7741503072373,-0.060194997432727354
2001,-52.441389450114464,-35.43697896113397,-27.633886106690124,-19.081985951073168,-11.047040970662009,-5.5447504408424795,0.5702281081252618,-1.0382176516597281,5.6493426920326835,3.501762096486496
421,57.61096303989128,68.96286447552619,39.33662281760955,26.039731058331242,-6.736545317652572,1.8956446168469272,-0.12501264018621303,-0.4023971371360874,-8.083694517666729,8.347616028521356
1354,-58.187686018967604,-42.66768062482562,-22.017654081812488,-25.577496628278308,-15.33189909560426,-2.699174700016134,-2.5698058437717863,-2.7232759960542654,8.816962714714439,-11.008773629093998
887,-41.47576903432258,-28.263201546785947,-20.34475815320707,-27.618847318593385,-13.4633938545636,-3.072663978167617,-1.3244730778290073,0.23152456828014562,-3.141902959399164,-1.1147226972183655
1452,2.088385294785989,-6.1932188701519895,-6.630042954964957,7.480506109082429,11.293229790910713,-1.9915288278472216,2.5150595800225783,0.8773277425830455,8.521692445933072,5.85098430374346
880,-61.0520617045573,-40.04682750100487,-31.867932538093307,-30.020119409104858,-14.796657073646843,-5.827622112997913,-0.8042506869534202,-0.8464187231917996,-14.853217200724014,-4.682906843127585
1709,-52.417281967896244,-34.890647858268736,-23.519084795870405,-19.881342807087027,-12.076269974327516,-2.2007183290904786,-2.6094644246477605,-2.911003614658257,0.9179177083909691,3.865964514051485
628,251.97903077448012,192.64414849399847,127.71204634982692,76.60627734911814,-35.1377952604601,-8.269550008526926,3.0536477706384733,5.437270057433057,-0.011538841208918118,6.827654498204592
1691,-38.11954302076895,-31.888313965048734,-31.244204462996993,-18.465643493271592,-12.65123315196343,-5.3470201131717765,-6.149566870254279,-4.153945075981228,7.221297819867761,-4.848696275448342
1708,-63.4263643549682,-42.230246776639994,-33.31179975654942,-27.2830774654741,-11.513373407425464,-4.996877459271792,-1.6710039764718843,-0.8851599531451451,-0.8282678779489814,4.158720949741078
1501,-39.63214039970507,-28.049064230677384,-19.19087202982596,-22.184347120648475,-13.025438927460403,-3.772202709556561,0.5698332029381404,-0.4042088827903762,9.830313479200193,4.771667874043298
2013,-53.19580561972013,-29.299280631378483,-22.944737468758436,-18.098432055390393,-9.517304612896183,-3.811224682700445,-0.4168345534913174,-0.8650745265299716,0.7997260957389364,3.79158394130595
1626,-36.20719368280146,-26.34618540679649,-14.02840308303781,-10.930877146581336,-9.210599467370201,0.12225998167518252,3.739300843557583,0.07536919751879109,8.678435845523563,5.856205313842034
235,-2.0593555292803707,-6.466801673003782,-6.9074563758784535,-9.10727615710813,-11.425172556183071,-3.7592675571882253,-4.12383887778121,0.4121858215902513,4.925637629444929,0.5289545820784078
547,116.2304312254303,98.05228116575333,124.44907130324387,66.44756778878657,-30.055080472299608,-13.255070299405643,12.782786190440552,-6.448152917083999,-26.706222597254907,-15.867312704132539
1617,-42.82732097957295,-33.71375161107399,-25.071649669309853,-18.070882654815456,0.22437189008834066,-4.585366287250917,-4.073703368313385,-3.331121102972892,8.206192226661686,3.812441145052821
2045,-61.82404221931389,-41.20288214052545,-31.418686760453898,-25.183663975779776,-15.197809106298992,-3.5446170554272847,-1.486288481255897,-0.8221711006732668,-13.963575404453913,-7.742991877248746
1574,-61.566879750116556,-41.5308364157483,-35.68634509743705,-28.988360397186344,-11.443618594825027,-2.1783370139977203,-2.2962984364381143,-2.556316301445182,9.93974499696003,3.5317779382122727
489,150.10830625362928,104.32156036034077,63.029064382584885,33.685544922093875,-16.193648036210856,-4.653107910448332,-4.135763631025678,-6.298303042241276,5.061065579374383,3.5657018764377377
1462,173.43480495476305,114.1775698894674,83.13107726145515,77.11033017472322,107.74110425502695,15.952120945234752,10.425753621416527,4.3178208086787,39.49507540386331,24.127956323851006
571,-80.10232617626855,-61.41202495097931,-10.231735275096106,-8.378449391309712,-17.85375356877733,-4.444848303115661,-2.9843244880715756,-2.670091757508805,-15.10263054843955,-18.721496685814067
1953,-71.20282470309961,-53.381996019390755,-24.843071403211535,-27.066371437513073,-16.333642866618522,-3.810051975410405,-2.793347508640114,-2.9861889435256597,7.656186321097612,-12.082961362379319
1324,41.43300239560159,16.26930454279679,9.798294747027395,57.386257641053994,10.846823215589781,-4.8655814356009826,0.3995670046630599,1.1870517838470742,21.851092097386704,-3.8660035569365734
108,1.0832682323802727,-8.535396613978586,-9.574185189603156,8.108889126706432,38.27916178309629,-3.3011137542430915,1.2561582041295944,0.22355635154741896,13.848143389212073,4.513316002129787
496,27.105945670796356,43.715211755258935,-3.112386035816695,29.273112019967204,-3.108288918453139,-11.403566468280019,-12.22634520358031,-8.175688101515275,-24.313966275611378,-14.067972609919716
297,26.660608712608706,14.11081060745828,-3.8137201798872593,40.68133998450316,-18.51601054980775,3.6399631552385245,-2.2221507961831057,-3.6544921778789416,-3.9815093351100774,-4.6252627420562
1865,-53.50446281665997,-28.463041195992602,-20.278340380599158,-29.23132927283817,-13.287829547351935,-3.7241948723418283,-1.2761248200322368,-1.0848962618472284,-7.5248728815132235,5.228454960070612
569,-76.86557207202453,-49.54071879162787,48.37811959362039,37.35608629154376,-22.041479104592156,-9.693991378234779,-2.735746816518942,-1.8314164133299686,-23.839175697028463,-19.502507502549
1760,-53.13568680577455,-35.76009978159886,-25.44341346332244,-21.899071187628504,-12.312784738540143,-3.3818866355720316,-2.8580765795551666,-3.2357964257988105,-0.05850606923868379,3.2522939054814364
1199,63.34910253885968,31.0529011705985,28.82523202341262,80.89427778886669,61.5999623310534,8.369010214655834,16.74185913742783,4.915299560286137,30.22810145243823,17.96456279568231
1853,-37.82098985485944,-22.62820996553985,-12.805846660013131,-20.271522673587185,-12.32878084539236,-0.3997695628651137,4.313630837918218,-0.03933223411534666,-5.516930960358007,7.475926189095896
1267,-36.30364386235906,-21.056721723778505,-7.4515334321923525,-17.076814079989582,-12.723380303399166,-0.7005076514643321,3.5262409347868173,0.07657543455784502,-12.977892364780823,5.4978772845279735
1276,4.4155537720854205,-2.8054194840215296,2.2809674043947252,38.99711112018121,9.655636587712014,-6.139598039148091,0.6475546340670298,0.09596530205535599,7.538299043586773,6.440282701402525
349,-2.714221783645035,-6.286033908396341,-6.545034256972145,-6.326331698442459,-9.87183233501797,-4.815566048842334,-6.2193057980880795,0.4589924696267755,-11.505881567953582,3.785881130941301
556,3.8625528853136726,-3.6088084699631877,-4.519693620075849,3.4389954471992943,-2.329704491209186,-3.1330359038455735,-1.7078336203291493,0.0896009767450552,-4.843614153041659,4.600845741888754
604,24.95869219344332,74.84103956109004,41.95114367933202,-6.58122673736289,-25.57053913271875,16.090098796308908,-8.359274423061875,-16.014301693927145,-37.0144346984684,-3.49807550184635
305,-7.699090152684471,-10.53309200032196,-8.482012548514044,-21.68853299901202,-9.598850340488612,-3.1187028654202855,1.339518417633738,-0.48398859411894884,-3.019427058067104,5.029043257032497
1723,-46.09455274665237,-37.61590928467039,-37.8551074985526,-21.350594126492343,-14.612604096584914,-5.812769063921192,-0.07244829798784251,-1.549564442942555,8.421521698045018,-18.701304861580105
6,1.074187144449814,1.1652280840657663,0.7781966916354521,-6.80425546615134,-6.661087376812553,5.177062524692085,2.675633829650893,-1.2108271444589345,-12.264743484316549,7.419991852300305
1596,-40.65969552421715,-26.976892321750363,-14.3060734190893,-11.255108193609324,-7.573531222429103,0.19095970514401922,4.154771314534772,-0.3265594415714663,8.875394162566007,5.233120524207906
266,22.72488705369833,12.905169888161758,-0.4644705136996724,40.40926762548735,-20.044937471133625,-3.1638383607088962,-1.1576999474326624,-0.6161967481408351,-18.337611696617845,0.28635862322432654
1487,-34.81085102819061,-28.720891492508795,-19.861727799017416,-10.21772664515989,1.5132433025311045,-5.110982160112724,1.5940548646546424,-0.4421429035078861,8.916035180348167,-16.954786606804912
1927,-38.27319659000952,-31.118531753403435,-24.137221217954767,-13.304303670450679,-4.291629410206786,-6.521783002721432,-6.45803067131822,-1.1293187184779618,7.720327730463591,5.152063805364647
1973,-61.54464169883315,-41.921704651744015,-34.455768549296785,-28.172968845022073,-7.702271382458367,-5.014208685917503,-2.308607244747198,-0.9777796524965113,-3.045775527372115,3.910022679553949
1525,-37.618128639783514,-24.810622292110672,-12.74589119487493,-21.553531455458288,-12.008414783593489,0.331696796392236,3.5749945929233444,-0.9503181267362872,1.9230329748829516,7.981156513878348
1088,160.40758580014045,116.92664136488888,64.08152493979706,56.598782819505054,12.004563137316529,21.31402369585162,-3.1996012549226234,-5.014020860846355,9.98443408626931,-7.384121424066612
340,-16.609452973392436,-7.278717917588412,-4.292073583469716,-2.329590464718804,-13.498434835647489,-0.3403361881621719,-0.0014043885599350225,0.27043442982752375,-21.134353856488037,2.272956663270624
1480,344.60800852991116,244.80980701517487,155.42225659645754,96.37332193179205,107.59656385770003,66.21335436681134,1.1168696257023174,2.212979280548196,20.148094025749618,8.902162583657702
1568,-45.930026352906246,-24.96445271849049,-17.81652512979944,-24.904066124468862,-12.484459691825695,-3.6192956386727957,0.37125772909992993,-0.7087688600939824,-15.895945352213449,5.366562117765766
907,-52.23640395475484,-36.033827470950804,-30.758790636805035,-19.028942793255307,-11.727920604364963,-4.8241378340097265,-1.001704180826986,-0.486064789746503,-4.2072493179463075,-7.511153925076652
175,80.9649095069035,66.41543433758397,38.29239147126087,24.875501890074734,55.821310342670756,2.3008761590968656,-0.9177685221456662,2.601362529460197,16.763827436148816,8.298802565874212
1978,-43.08114020745159,-29.49247921754731,-21.22030252686185,-17.223371155831217,-10.70486920800471,-6.273407751418042,1.4538592545242444,-0.9408703072199948,5.4352667059671305,3.386230519413804
205,-4.535831610699332,-11.277948803476942,-10.729235717086805,-0.13712214345651072,-2.6523179825461556,-8.742060378475818,-7.052135484018783,-0.2776956591412415,8.088198313235807,0.8321108169294624
1611,-54.848446751929366,-36.56822210927792,-32.02515984468476,-32.21026411653927,-13.970006278831843,-6.2928524507025605,0.2667242449274258,-1.3455152411586835,4.863156303898125,2.670251793113269
648,-31.527131585885368,-26.027688039637685,45.27718182704441,44.54874764400747,-23.03417164898042,-10.86701708158122,-0.3971314194502049,-2.59862824917429,-26.77682668354294,-18.003750290325765
1143,30.755372538755392,17.67246049805427,3.722986310621221,48.29163765677702,-19.489785002958133,-4.117916056923001,0.4440262114227023,1.2984996467172465,-6.03058504572216,-3.6425697735226685
69,-0.6826165570428673,-7.453252610075112,-4.024811280058497,-15.750354828677615,-15.545455538194657,-1.2244065949584684,5.952410362275129,1.1105341006743863,15.550355972921366,7.8920712473423835
975,-39.751317021316304,-23.001058227537854,-8.590088684609109,-16.965586593417623,-13.550005192777848,-1.7234212915359168,-1.8317231083501706,-3.0410329943129906,-14.777007969166775,4.280880186564366
1639,-32.41043858946767,-23.535550126498645,-11.833482464213136,-9.502529904762556,3.7419452272640514,-2.6084781630642038,3.4720287179763996,0.821715109535417,6.096766006240087,5.051687435408445
705,-56.812211211125316,-27.20872365134318,15.741141117864887,22.27675139162738,-19.64952900836094,-10.220321880967878,-8.636253037196743,-3.7412772056015253,-25.825567230781342,-20.913343477314186
262,-30.37618496478221,-23.740892734182992,-14.576531046317404,-21.4405452262833,-13.442184409032597,0.31706576881894216,2.811646975849973,-0.44941315001750576,7.878399271162278,5.143547883912474
474,74.68166431358769,59.501594581144325,35.25636002139362,26.51701892593524,-18.306508408696402,-20.08158613652594,-9.64444758222903,-6.582215751862299,13.675659800642919,-7.472505689295364
1218,2.579684145462234,-8.26336093434168,-9.196473827454957,10.076958094615254,48.567881331002084,-1.38871633521244,1.7412510634793845,1.0493182048565313,15.230616221014532,3.0505696649257508
1910,-75.0241066185282,-50.30925592587427,-38.93645264824212,-33.636708583202655,-15.157002466975158,-4.3752612791396235,1.0200597348841016,-0.7257801006314649,1.2588817404078485,2.995663096649958
1362,-25.331541084776035,-21.143060658086284,-6.572472747208973,-12.41046713366149,-11.238021978900068,1.173369121372497,8.282939456898589,1.5072927607530295,12.767367873981177,11.23733277744754
1292,144.65757049548736,93.68797984895211,61.75833194257593,49.52527006354838,19.445925824162874,-0.9894007537451306,0.8595837427621202,0.8548118959234461,9.497471087402973,-2.523968113891279
1294,57.61096303989128,68.96286447552619,39.33662281760955,26.039731058331242,-6.736545317652572,1.8956446168469272,-0.12501264018621303,-0.4023971371360874,-8.083694517666729,8.347616028521356
877,-57.05524057647936,-34.814943552119935,-28.969225350346225,-28.761516499618182,-14.524826775637468,-6.079853741569532,-0.5908152827587498,-0.134813523909669,-14.323156440981668,-3.8942439964582394
1891,-56.564425865912376,-36.96182944177741,-27.180107894169616,-22.393054597153935,-14.405511264520424,-8.8409993857726,-1.5246723146755161,-1.0790791563589943,5.130187005690566,4.682968362268619
217,67.06498780649737,44.846687108226426,39.95558235887332,4.802732711477787,-20.708535568062167,3.760324748491743,-9.285768768447703,-19.475547224768427,12.214234656608282,-1.6890010579748322
1669,-30.218412557179647,-23.92326660132334,-15.938837038665671,-22.09739171517143,-13.02415544085016,-2.0827746082904217,3.18884787304064,0.1363911204017079,7.674295155325737,5.142703388074076
645,437.9796666877101,319.0759643923164,248.06009052779385,137.70376554854835,36.06400197806286,76.50839690115451,9.173072833327947,24.428749178711538,-18.55071780290217,5.8499256225465945
281,90.68991034435145,74.28004815770365,42.66682258977256,31.413840344462024,61.68122039753125,16.97524184495366,-3.2294877799529673,-4.758347331614115,19.474692356580473,13.041792515705405
598,23.19012017212456,0.3777519501833698,2.6805721031683483,50.32723708890497,-10.59652524773141,-6.887811424239065,-5.5291162216109315,0.6257501076287854,10.046601015101189,-4.754082754390482
1694,-59.73733411582763,-40.577088676536476,-33.38132483228539,-32.69029577052973,-14.724413642087367,-2.8705345368424338,-2.9932697245728006,-2.8849363695862693,8.441871794900706,3.47193581009566
930,-40.63366231873617,-24.58494492099279,-19.009328471851813,-23.64827853412007,-13.747868692321546,-4.435675900732367,1.965682240235565,-0.5389344438941013,-7.638006728099572,6.237730972913151
373,-40.63366231873617,-24.58494492099279,-19.009328471851813,-23.64827853412007,-13.747868692321546,-4.435675900732367,1.965682240235565,-0.5389344438941013,-7.638006728099572,6.237730972913151
682,-56.912407640679575,-38.50124593699918,-11.570440845140674,20.45534135664656,-17.546251873962134,-7.252383948606558,-4.648635352844815,-0.17364958563294913,-19.54493317017353,-21.571834714573658
1657,-54.855539357295,-35.84315568425389,-29.180398859100627,-22.569507138856675,0.8249620000586418,-5.894464741919826,0.2599512397493854,-0.9712067238394153,3.464237556259227,2.9777345645551963
476,-20.577378416991014,-20.319857906499504,-10.795355991162001,-8.070339710605031,-0.9293952666997813,-4.173468302240271,-6.1544851654767205,0.30821098412397385,3.922670494452407,-9.431832909669314
1995,-52.80633096181319,-38.91757929871623,-33.139966601754736,-19.25728736495526,-11.688316978450725,-4.710221861990209,-1.8338125007351498,-0.8189442771239631,10.185052414344563,5.685688431394931
1872,-41.49067253078958,-29.05821159965464,-19.690055469228437,-13.36470323000175,-11.641909396527945,-4.402861345140931,0.4504304837277058,-0.22977761292212082,5.917865260519325,6.866101420375797
1801,-52.57884210632021,-34.72034560191712,-23.662104229692083,-29.523284214603446,-14.032808383680228,-2.537632719418548,-2.3446351107940315,-2.849860600919893,1.7307726691928913,3.6469842095625458
1470,-62.08468677585015,-42.13921607136905,-33.86690667623227,-33.85732710437159,-14.39690500245423,-5.1557991911299235,-2.725345732677128,-0.8987529975954678,9.103120967440699,4.378576514002145
114,85.50012106156497,76.299255112944,41.794590769160564,27.38227837634104,50.70788135472463,-3.9165587788478584,1.1051189349136785,2.5612240948866445,12.986331546927774,7.387219734018801
615,414.4805796580415,299.3617457534075,224.84414417469262,132.43329702383627,27.57278915114457,41.36470221623837,5.842206202612333,15.528008157302182,-20.38596693849766,-2.068477031504482
1754,-44.8881710095379,-31.42290074606451,-24.308731669737725,-19.54118987417229,-2.1948567311874245,-6.2616449552958064,-6.137833939108892,-5.066482705301829,0.7024939993892688,1.901143742995152
1176,77.02025369159045,32.60812985013449,26.361080273854494,39.782282669977235,32.35776847599589,-5.478848923730213,1.7381451753915458,1.6103735854301282,10.721599515635218,8.102597683856818
1820,-53.13568680577455,-35.76009978159886,-25.44341346332244,-21.899071187628504,-12.312784738540143,-3.3818866355720316,-2.8580765795551666,-3.2357964257988105,-0.05850606923868379,3.2522939054814364
116,4.626002566160633,-4.186738446907559,-9.04021608175107,16.3822481579147,31.408111648123427,-3.743387282348029,-0.5314377055733002,-0.5819624005838577,5.848230116276301,0.20019625007660508
663,-87.29313023757443,-65.84934448436995,-27.78162401867628,30.918406631741828,-20.56802272851472,-9.93667820196701,-2.3977992194230047,-2.787036500390655,-18.658800354702155,-21.359405082960123
772,-77.56117728478557,-60.53012275995105,-1.7364595827982792,26.43638357507083,-20.011192380190725,-4.79670319853288,-3.16314273431024,-2.132776556174025,-19.043874603077132,-18.931206107984703
60,-62.15405673487377,-42.21215738720341,-35.694954860205954,-27.01427932010093,-11.224264799107727,-5.952901332611022,0.42636542493829144,-1.456575644969321,0.7056919241279279,-3.5687268122527542
543,-3.995722109805602,29.712440919128873,51.780656821351535,43.126549817647884,-23.1627724699805,-10.68499009187689,-2.0407392898968237,-4.084383249944235,-29.9773548755738,-16.696324094786053
73,-51.189353086676356,-37.38914388067505,-22.223615236187534,-17.218802205568288,-8.040861129193564,-1.5456082237964184,-1.7239194983593025,-0.5284922795983061,10.692202450748896,6.00423527799707
330,10.651825517702578,0.16719477385834003,-2.3024009056368864,12.504977509631082,-0.049291419481726405,-1.8248757169036507,3.351390150497725,2.1406252473215455,6.807595507811371,6.238446474913092
318,-41.34046783198911,-28.911404690549634,-20.40807134079546,-15.38366421080062,-12.749898463486439,-3.962504834362468,-2.0918758674635782,-0.6527341734456098,5.935172980484359,4.040018733985931
1835,-64.70268156454463,-42.81841644473666,-34.080330569432824,-27.9629665103978,-14.319359659798076,-3.6544748411941743,-2.360637654942655,-2.6191878374383473,1.363735979672796,3.6727156268228667
1115,88.06619389526995,76.27265527061844,43.91507180069441,40.469338874069706,-22.557564416124187,-8.559721503867294,0.055092564151891524,2.3717956100630815,9.238500406228717,-7.9384505450569085
959,-18.763286776171974,-9.584617488481117,-6.381133006118406,-4.749272630145924,-17.075351522870235,0.5185901656388638,-0.24711844624517124,-2.181936218529127,-8.852609109766165,2.9979871430773195
184,-9.064594599157349,-10.755331797537464,-5.749032353779264,2.601166365344618,-7.423350654812681,-3.189469553370962,2.4910515070043315,0.20516708508473597,11.107186261524477,5.260674613477276
1101,-49.990439560958244,-36.609467260630986,-24.222482682345458,-17.359103193757825,-7.439456585696936,-1.3646248875859541,-1.867351997829053,-2.691923358054676,10.58314954115076,5.94263175773213
1923,-61.566879750116556,-41.5308364157483,-35.68634509743705,-28.988360397186344,-11.443618594825027,-2.1783370139977203,-2.2962984364381143,-2.556316301445182,9.93974499696003,3.5317779382122727
970,-27.96727640689473,-13.011873764309534,-6.281157100111609,-13.082706309340724,-13.18260964315931,-2.304985447194774,-1.274577094544403,-2.921952063422007,1.117450016838708,6.592492697259268
58,-46.24489894333234,-33.78806900626449,-24.277062987171405,-14.7075850952897,-5.985430864746427,6.058693923635474,3.269082934697611,0.3133107259932387,12.711972867003942,3.685898409301282
1010,-41.47613156565383,-24.80520045912648,-14.36197987209067,-22.39573108987462,-13.209206334755631,-3.1690110757703556,-2.9372469007104307,-3.5280697776941965,-3.4901016013849167,3.30415314766646
999,15.902300674520914,-1.3897637580285727,-5.222059905728428,40.6743401523601,-15.753286656823013,-8.181690339505243,-1.8362014363091965,0.05556882338509517,1.6245724610122114,-7.203504434913012
1447,-40.446427434514284,-31.8315950908729,-21.170397390159412,-12.697066758278515,-10.954553409835041,-1.4042804494047851,4.170642876932863,0.005766631012557514,11.247024376356874,7.1762072928101315
1860,-40.63366231873617,-24.58494492099279,-19.009328471851813,-23.64827853412007,-13.747868692321546,-4.435675900732367,1.965682240235565,-0.5389344438941013,-7.638006728099572,6.237730972913151
44,0.11392391884890621,-11.121649756917606,-8.255189273140596,3.125456992649245,8.278399587945701,-3.1419834338583046,2.0216391866830996,0.37447762357475695,13.04812754310718,-2.6404100762871168
242,77.1769318861357,26.062005857471878,15.156718681702866,56.06943683271069,-13.850113155032156,-2.8130556565706275,2.092277001848717,3.080093388972376,25.912309553223587,7.909101138880742
310,-24.924726822932573,-11.151830412425253,-5.186623070944303,-20.024207701194378,-12.32737280369105,1.2377244393095217,0.20459264379638403,-0.6374497650215152,-18.26317490823372,6.177671860563141
850,5.511310699660986,53.506708078739045,23.373611217077205,37.32789087545419,-6.342615381066896,-2.887416814717106,-1.0487952599853558,-2.111672875375982,-38.59886768567636,5.6123045847444
1364,-52.73283178960604,-35.042676494447015,-23.3746323435505,-30.630382308702217,-12.966616813478826,-4.3173979414620565,1.7560861833741672,-0.6144159173511503,10.00117911015526,5.712698757513065
207,23.65506872088234,11.586195450320162,9.193791765504871,45.594713551666295,-22.47256680152615,-2.4561253624482418,-0.7067970852942438,-0.8543638829561048,-7.607089961216676,4.748444551506404
1461,152.0596769827067,107.82590013467588,82.05039947226138,68.6268924471332,97.85399848604727,16.191460680899095,4.690264727842608,5.6270728074457494,35.67177074236724,21.02991165818936
1808,-19.37193110864154,-23.372634892495512,-12.744983043807974,-2.998193360101676,-15.4184174610139,-3.255020376886379,-6.831525492291442,-4.981546209345298,9.641789148549805,5.59616170496317
1159,138.7238918048478,91.73153298372856,59.44517526786523,45.7186890403974,20.43974725290501,1.1124604669593054,-0.6084144864870147,1.0160119933061116,4.50020862564447,-2.5935834891945215
1386,-70.81886346541994,-49.210105911790045,-38.28842413004035,-32.882167456017264,-15.395887496268424,-4.722686670548437,2.404182018259712,-0.8002124621634217,9.907746652751872,3.164239574217005
1533,-29.033279439738433,-22.57637266015045,-9.133428659166352,-22.185245486487005,-13.757498711723965,3.0486196553919918,-1.6208896492483598,-3.0429872347097695,10.165540788181168,5.2636314018198895
1252,-10.58122139125427,-8.387506428252772,-1.4685343421925985,-6.18991201538147,-4.026743505346497,-1.496478857060034,8.470972681424541,1.0199090415100012,1.8052912814190814,10.321546593356322
111,147.4477188734333,96.9676174407578,66.58384098736738,49.04390326085233,83.24411533730499,26.946510902050413,-4.148473291352236,-2.53876942570294,25.563660934270967,12.343323633778418
1265,85.44000865344687,51.74620435903469,32.14434785480693,44.52559920639058,-2.3570853713785342,-7.578467142155274,1.9449915646825249,1.8499773266565112,4.910109469042278,2.281480236300958
1258,103.6383076365481,36.348259161604915,19.323589371524594,47.970832774453505,68.25282793281343,-3.7544065658288055,3.5883493144148724,2.190947112864064,22.333372986707573,7.014062144690518
817,174.14199624773076,179.37336522918218,158.1582009642993,78.54004588660813,-32.11422678752186,-7.067039430951816,16.611917282817913,23.87532275659141,-22.540357777956213,-16.43952862129006
927,-32.69824806454806,-18.880907373738687,-10.453645836572191,-28.388991802888725,-14.580717030471193,-1.059063288285039,3.043444763337575,-0.3332510056372672,7.138394131705948,7.160031110576408
157,-14.630299715693482,-10.238900932264743,-6.446012998514997,5.714569319586992,9.548370053995688,-1.6603507640182025,2.74982715797806,0.3122627238271973,9.697037873884426,5.768138257982709
1247,-53.50446281665997,-28.463041195992602,-20.278340380599158,-29.23132927283817,-13.287829547351935,-3.7241948723418283,-1.2761248200322368,-1.0848962618472284,-7.5248728815132235,5.228454960070612
1432,78.40975499513553,65.29211245056224,39.22696460397799,25.819208536225837,54.12208819501536,18.444264270055744,-1.5719381434781767,-1.0967801527165266,18.469382239730013,7.9948741836583554
836,-34.23221039155183,-20.68843852717577,-13.990688379161247,-21.006717171720155,-14.115939177537753,-5.286681658214991,-4.394136371399585,0.4991582914901729,-5.05570319562055,-4.191865768011178
1771,-41.47613156565383,-24.80520045912648,-14.36197987209067,-22.39573108987462,-13.209206334755631,-3.1690110757703556,-2.9372469007104307,-3.5280697776941965,-3.4901016013849167,3.30415314766646
139,-31.744168890788362,-23.971296923081415,-15.456671813780211,-21.37672179528416,-10.704657659984145,-2.5574893849866185,4.940470015729568,-0.27696266635775185,0.5252086840437828,5.3999063765347435
1009,-22.78301218491636,-14.239215671939153,-11.033261824385699,-8.815344864277918,8.861315587244048,-3.919357077641808,-4.353298770810586,0.09383450304566587,2.3909297917485914,-2.328589749054027
132,12.58458678629577,-5.67999453566657,-8.627099163753964,38.31596734280861,35.79916685327836,-4.405117314479755,1.0494241534627815,0.26376333916143996,15.486360702190279,6.289546336424653
1283,-42.31141317207343,-33.03523605130855,-22.885770851920203,-14.289133246526966,-14.10254319844735,-6.044775034116431,2.895221679429055,-0.3667971978366897,10.456134012615356,6.7038500127645575
414,13.447035931138817,-4.023633817602893,-6.668846376054804,-1.8205233631296396,2.1213683008026343,-6.298868316822181,-3.8454601006266387,-0.13629377744655446,2.6763434937926163,-4.461183237370108
953,-12.553143875867427,-9.578531488676852,-4.615314705860797,-20.227828875863604,-15.710359004862712,-0.5973717683617502,-0.07789439259069697,-2.627129891449735,8.055955310853335,5.960663855468136
797,3.537762109685231,15.41562213405414,44.78603913481929,41.98988161310414,-7.958942000725397,-9.064250519378145,-7.400072924625846,-3.0564911030604436,-29.901886994054312,-5.098835979503928
582,59.08758557604671,58.836419460916424,29.117933190554318,8.555312753839168,-1.989487318855728,-4.967404594120309,-13.303898446449075,-6.855495363817184,-26.62749016908141,-0.5249090542686564
1412,16.146042800367386,-2.5401739734621605,-7.088941926518696,39.370644643344896,40.60937228333585,1.5702194951329096,0.6559389179456369,0.2825118895117725,13.42862557705048,6.962283149826784
151,84.16982360473611,68.35890561842247,41.371513111428946,28.570809554921023,60.809940260225595,2.7773210439444775,-0.49386750150814823,-0.7044600770452937,19.05669552896627,9.669633647502453
1721,-27.484839373598096,-27.9339246583666,-26.434575351373105,-15.350553897964158,-13.556158877396435,-5.02020133626734,-5.548668466068033,-1.4687595486734821,7.444917246394044,-16.804858901973283
432,-19.479289977022738,-10.945891754069926,-10.277087146490262,-16.636228513635373,-15.998703095811786,-4.259999780367535,-6.914265948400994,-0.19562261361916006,-0.0017027927607864528,-7.400620911652317
1284,154.80324130928054,102.6585253641483,66.85561985529114,44.62920298753848,73.79780300247653,20.275077868248452,-2.9773053863836862,0.27147536535581385,6.716419946379593,8.367037563433085
717,162.7630193581632,105.45560116590873,67.06675015478365,41.463570993353024,31.93696309803297,-13.9956022240636,-0.1491559475127336,14.806258033130039,17.87748139245592,-5.547252235617697
1152,87.61974231007808,29.983688281345472,-0.13338091161841253,39.45882380051488,-1.556178028400304,4.1103919959562045,-3.0154092180452396,-2.0599009507048485,7.0575439979917185,-5.92862493798065
626,257.834139220493,201.5945513452851,126.6432285498884,75.96328275608127,-35.016643638848464,-9.87585818147141,6.802022635811317,4.6891784505652705,-0.004202956435082616,7.174692685888066
1058,129.62956886050296,89.05473725640796,52.750489836581345,48.25747308711995,-15.619328041658285,2.777640678428657,0.8204433192890862,2.5651789015189443,18.46547840036815,-4.082118533738282
592,-82.29521843748114,-59.65201336755755,-23.090065425042546,31.36582776702783,-20.67282514727153,-8.459502371253977,-3.175786507013239,-2.583948624432765,-18.424164156398213,-21.113191833877462
670,351.9847261014333,254.21530244230385,161.55069184611412,67.10043107126441,12.978670171734079,7.791570687504028,-3.824113047335401,5.258788801227497,-25.33792541389356,-4.691995543085703
1749,-53.306598392256845,-35.805332847878006,-25.559710546276936,-21.488144915012686,-12.313917249802651,-3.587792990916969,-2.889894760236712,-3.256532593832744,0.46391363708926187,3.2094726097196142
1764,-32.488912162670324,-25.224651955073234,-14.061451284611769,-18.357216792306748,-15.501842628308788,-1.2821775820376866,-4.53536843157534,-4.743421850991907,8.223557332494433,4.465164984745644
2000,-58.71937006464191,-40.07832833751371,-32.759708312653736,-27.415056314734592,-13.723260375994833,-4.261532518018888,0.811353445543892,-0.8186041522700933,4.6323789646786135,1.5497238453701467
342,-1.7649212431816932,5.081798423382288,-3.3771523906402026,-12.39759472629557,-19.19504372746649,-0.8651243912185967,1.637761219123251,-0.041869807161141644,-13.560126795161269,5.054973243699613
172,-23.244067909611807,-25.631156566601955,-7.915947175430946,-3.475098028767436,3.0257466846985963,-0.5765774040079601,-3.546402108868581,-3.6126531475025314,9.125951120072644,-12.783806965298927
407,114.93266218538336,110.3918145741065,78.42590276748034,88.57883209033199,7.854069227334509,54.73760938434558,18.09102374854684,6.582552604578884,13.621568378342076,39.60572935171993
1006,-39.58381558833681,-30.76569343411879,-22.58695318826151,-13.638238226733273,6.196675462298378,-0.4661417554107157,2.0261607748545227,0.05151953575273919,11.644419003458731,4.593148711104053
259,-19.829621781816357,-12.902193471292348,-10.487223065802786,-17.433983396248433,-10.591222726174836,-4.8438993268577,-3.151386069246121,-1.444825658633782,-8.304336071541993,4.265385963440347
1716,-77.55673656766099,-52.133585199901546,-41.91153065001837,-37.17334182058979,-16.076689061711186,-3.393508624004922,-3.2814090717367947,-3.066236486142054,7.62611017222913,3.723348030967363
835,21.32695831667665,11.141879004104887,-0.5426858649555467,3.9430276619681273,-18.270843210608884,-6.717844585151938,-7.624833735689255,-6.222575652452188,4.363883093669755,-1.5915607459230543
1834,-55.43181173964663,-40.1856375829182,-35.946542664069426,-22.153808629700926,-13.440478322795766,-6.937940460562757,-1.741676537987223,-1.1182164766506266,9.319484878222255,5.070578236704812
394,-25.044989932396035,-20.659912366482885,-14.842268884261339,-23.09588009696953,-16.223940999820694,-5.658254986581432,-2.515381303317749,-0.5186002989477123,1.6766230573697607,-7.660876220767905
163,-19.165803683038842,-22.918665149936306,-11.803217561743535,-3.523723755909542,15.170070865172935,0.7139193505625137,-3.9362008000200506,-3.4608596999292973,9.945241580497672,6.231439283321864
538,13.471523290812549,2.6585560186235915,-2.218001819057242,38.726286187760216,-6.697178386237262,-8.124678397374002,-2.3147645051359333,-1.0490264075308353,-17.69838253923171,0.9046347644251269
1110,0.6492874380279369,-8.381833845376294,-10.211112245283635,8.026904381883961,39.14846422949887,-2.62181166412039,1.215432517242701,-0.8937491911716157,13.220336998761152,7.6755317914968355
1812,-21.95706935182706,-25.04070382330456,-15.061579764605463,-6.474708413906845,-12.720648209724644,-8.01416327116955,-8.488049718249279,-5.786704350864899,8.433953013329509,3.9343947575860145
110,-70.02996401485721,-48.87258204396995,-37.357083466639494,-32.34091374431058,-15.304109005172045,-4.951812569997366,-0.38011717197092304,-0.8906580772460612,9.695922204512584,3.322335526500663
686,-55.23880152755703,-39.64834523088706,-16.83545381340599,-6.41144148269744,-15.999688179503222,-6.794447557822277,-3.612204001613432,-1.20250157958932,-16.058615330154435,-19.542574251879767
152,11.598945654930509,-0.9639557897636105,-1.681395795160882,8.640581363044165,11.174215072872036,0.5596172229526227,4.422635908014882,1.4273283200427895,14.188478998831405,8.353115915111134
575,142.96697241761467,123.76338723899434,135.70810943381522,66.31544174756066,-27.19667978103667,-9.918138841428764,15.381471838859202,4.300744985720851,-27.051867705574438,-16.85169925963009
1087,55.065822943955936,20.450166697577355,6.210925054393758,50.95638142577264,-3.7572340548969505,-5.881475461154925,0.21171307439010756,0.85748092049206,9.089598003919972,-8.124841527485126
790,-73.55946430152989,-50.09270171478513,-33.24465843563698,-27.161237720569048,-15.62603607345746,-6.779684123144934,-1.1835081111376229,-1.4886371048958797,-13.382372587631306,-12.442352365713694
85,-32.3749681200358,-26.594094863951405,-17.178325323979685,-7.598181263538381,2.7534625985785897,-2.737170428318361,3.3112902555050554,-0.48040550869324494,10.082923883235145,4.444267936462709
1213,0.6142921785788434,-11.556482893610783,-8.61594672437472,4.024984741511757,41.013755067097115,-2.5674296297724197,2.3803831341710455,0.3066305066657167,14.256311107312186,4.482168275536577
822,451.0586428377352,325.6365736346164,252.7732604017171,149.6241810820266,38.313856809602946,86.28925050696841,11.881592498820758,26.972354898675494,-17.289123627525683,7.345964324629845
142,32.147011324662955,12.3128355786968,4.1157635212234,42.07437676826589,51.127738274234595,25.9491749003418,-2.691204198601885,-4.187044837597544,17.973908620897898,9.466439825423924
1415,-28.593672468412038,-13.39482885327535,-6.429850892433003,-13.18558488497556,-10.316923692045673,-2.5439183403475574,-1.1412128116007665,-2.8904078419871055,1.0176039997252173,6.46651360385429
1742,-62.77549382913287,-41.22750810767743,-33.109006846425544,-27.04954539879269,-11.64405684126185,-3.252357736071863,-1.9494194082806404,-2.6242962128704903,-6.495380669771848,3.4256753461202827
128,-31.018431874771228,-22.982592959981705,-8.208156862500699,-7.328601702831601,-8.375923322037131,-2.597400180590205,4.999375300342847,0.35916007742354045,6.191415898459786,2.0707493593754656
947,-12.553143875867427,-9.578531488676852,-4.615314705860797,-20.227828875863604,-15.710359004862712,-0.5973717683617502,-0.07789439259069697,-2.627129891449735,8.055955310853335,5.960663855468136
471,-5.7333748579604435,-11.119055456233527,-11.790468515934059,1.7875763051689995,1.9825221936730157,-18.317352490261698,-11.339788492314357,-4.444812453872783,7.043887945047013,-13.899923964810059
1089,126.00909726334915,89.56957748505157,53.29549440544833,47.631881438225186,-9.895821771237415,1.9178957523881355,2.0835713059881775,2.7270391725636585,10.155249474867313,-1.5196540991926368
119,-41.372451552791944,-27.944275001860476,-19.390527313631168,-26.28191502290951,-12.541511748650132,-3.81562006323627,1.895292156663404,-0.5103162262920964,7.902398342718193,4.427622132967253
776,-9.464365706632798,-10.267787429290022,-11.692281346536344,-13.451397377202438,-12.553993998312734,-7.25857309038196,-9.388014950296409,-0.5522241922269514,-19.312714931539475,-3.287837213005463
980,-23.51788660964042,-10.48100103949323,-5.319055945288891,-26.509018387909517,-16.062261270564964,-2.3109987541386605,-0.692132019793914,-2.6110799613063564,-2.896294928293716,5.3137605832419545
572,-64.82109277634926,-39.31969196676349,2.564684451872906,22.789443660317442,-17.822927158257226,-6.820037321996285,-3.509702356093473,-0.14983912433219596,-20.460332419513897,-19.60736443286741
948,-9.180405951868575,-3.268916227527162,-3.04895984680433,-3.9067286537705708,-10.939662381011592,1.2241596696486843,1.4352850560598456,-2.286094254491562,2.6492463806812507,7.124252561493219
178,131.05709199624698,89.9471157253077,59.653005411129755,42.96570378152524,74.30422391038717,15.13316607407868,-3.3974317672012084,2.1620815996938565,20.71426545338577,10.478236506298382
992,-38.814465701699234,-24.122183711120325,-17.218822969998627,-24.020526188109645,-13.496629318047583,-3.8965360929070982,-2.9262166789826813,-0.9647313534476539,-14.880777283217514,3.887714817033185
371,-52.205164887899016,-33.4405366860528,-18.43669208810683,-26.28881821314641,-14.226286728588182,-5.00267808411838,-0.22897380126924533,-0.8177308671186488,-14.698701177104631,-5.556683871790653
275,-24.33461706316052,-12.031069535593439,-6.617657756891325,-10.446728298164407,-13.231355271015849,-1.6542203709945102,-0.25786395155519254,-0.9454107940711087,-18.824742725697558,-1.9839417452703119
1635,-53.44981870449269,-38.94529131510814,-33.06395447404332,-20.105876592891228,-8.836223637860632,-4.737182515058397,-1.5419785461050604,-0.9382913669448019,9.73039882250128,5.245780402441769
1079,53.47418476512377,19.57264217331896,2.723169598140713,46.28775655722368,-2.8492819621967507,2.3080065545916013,-0.7342910678987363,-0.3395023196235495,9.61007373803338,-7.213626695994406
27,-70.51158408446885,-50.34057433616741,-30.05730730963517,-25.70061472518401,-15.625434247461436,-3.1786423000794217,-2.5755717694059688,-2.8797406909724783,8.757170395818784,-8.706599539071341
1353,-48.93232064331992,-24.6763365002148,-13.550444806379058,-22.146000618386836,-13.34003555450139,-1.0178724713960599,-1.1418859809945854,-1.779102177653758,-12.42404951001484,5.890144900493083
858,-86.93265114861161,-65.53463116534932,-23.785482022011855,30.598964462495776,-20.60650148409686,-9.363056311991198,-2.2912993532040917,-2.590173759788779,-18.328240367522092,-21.540016960457784
1857,-33.358671788247534,-28.258462538544705,-20.36539594029724,-8.847164953208765,-1.3051458036876842,-3.0870964489500397,-4.783248136822197,-3.062799249722387,8.742383196271248,4.859313191506213
1826,-33.478334174190366,-26.299854036697475,-15.538178077151423,-10.955178454665045,-13.368466941778747,-2.9491410164542136,-4.468958133270037,-4.443643973366169,2.144132348318071,4.181218230558481
1273,-5.664689516128433,-16.004155665984182,1.2197578969757872,11.531389949878172,7.726111014924407,3.660947079101045,11.593418818972898,3.518221773905106,15.956678827434743,14.64341287259943
1800,-53.44981870449269,-38.94529131510814,-33.06395447404332,-20.105876592891228,-8.836223637860632,-4.737182515058397,-1.5419785461050604,-0.9382913669448019,9.73039882250128,5.245780402441769
1150,117.42130922870695,79.72007889506038,47.816662204444135,39.23635402179109,11.457278427396057,-7.072200388860916,0.3513841906131512,0.3807221294146104,6.708139075484896,-9.362649658097647
1599,-32.83507879860243,-24.23442276161165,-13.975980858718733,-11.104937856609565,-0.7518511236580587,-2.7882770757081334,3.5522972951377048,-0.7950122468692732,5.907763410650268,4.756035100378273
1344,-2.3940618705617087,-2.304089668271259,-2.3519086021819837,-8.4485553753908,-7.15157882612213,-0.06080450654971172,3.6894442446545894,0.33262095018133536,-18.361592744638415,7.81889958488747
240,-18.877989623956463,-10.965056857586081,-9.994473334871284,-16.98850745834381,-16.736868680339086,-5.233665713346468,-5.368787604930292,-0.23745529236371343,-0.11344485583084321,-7.29378614196111
1521,-39.141099809908674,-24.275345921254154,-14.241977865478521,-20.094469441952448,-12.455588809736193,-2.09723201018855,1.0514855217428765,-0.1722919661830863,-1.707275949179658,7.137072781713342
145,50.86603330092226,14.492223890952294,7.694907131022631,45.06255507622308,40.96647644543963,-1.5683357516282388,-1.8291353272873434,0.9578549197361345,13.959423393596282,6.862369903389473
638,14.215105284484814,-4.153748350472539,-6.106440705545626,39.796473615140144,44.6384329869819,2.4000776514101774,2.2118667138336727,-0.49993585631477877,15.394547128375807,8.498405029070677
1739,-75.57545153514958,-50.818636769788945,-39.01155330023371,-33.99823012666109,-15.345595002090706,-4.849785901430366,-2.79382076497541,-2.925447400489358,-1.1079328499286414,4.087982143011384
257,10.057297379086313,3.2294156852201246,-2.715854524912012,4.732303290987437,29.744751010117028,-1.8386782548850082,-1.5270955146532643,0.4903468763862349,-6.890457163217235,4.849810708782415
395,-39.7606134891699,-23.919659227902113,-11.247905393107438,-19.88239293351347,-11.598150125223714,-2.21685688147496,1.6616006917113995,-0.6439077489353331,-6.663682858746076,4.773699097299499
89,-50.0757428308536,-33.73099302247723,-22.636159812450966,-17.982858671708737,-10.646860900921977,-3.974724283264526,2.813154574814244,-0.6513256060929786,6.696452506353303,4.40808295077061
196,2.51767257974676,-8.989375353962544,-5.17480430384174,6.879608575957977,0.42853299965569525,-3.68338337788056,6.456138451479073,0.8504790981958995,13.800062960704185,9.468571044541525
849,112.46135965353213,87.44580166503674,54.375622546805594,45.644889512886046,-32.44520301823378,-7.013180075736954,-1.5411188750649738,0.9681052781968132,-24.92096177306688,4.501293360033444
296,54.28724116536052,14.281436253128932,-2.370030640608317,40.99675115316462,-5.281189629879933,5.7276987371843076,-4.608773627352834,-7.051956336629362,-4.300430679250264,-4.714894239890402
918,-37.03662673009537,-27.463856225059857,-20.762701091870788,-25.169429820737957,-15.783982263319132,-5.323827113743031,-2.9550139632512447,1.5995936862633096,-2.5505318274452615,-10.199426333810086
1784,-41.47613156565383,-24.80520045912648,-14.36197987209067,-22.39573108987462,-13.209206334755631,-3.1690110757703556,-2.9372469007104307,-3.5280697776941965,-3.4901016013849167,3.30415314766646
1413,5.7590580130497155,-2.3926742442618365,-4.154376866896449,4.245471904246367,9.501954964189231,8.03658598613759,0.2529630324735449,-2.1939646307058314,13.363090673724242,8.956175187344291
115,-23.13568778759583,-11.320904370942028,-5.117308688652174,-15.914157518196193,-7.9754597989806975,-2.4379848356624336,1.967278892134866,0.36608540989916993,-20.49807786965697,7.942894038766211
1770,-59.87898147655412,-35.31770093736007,-31.252997049561703,-30.485137876318742,-14.562910167559119,-5.709127491827475,-0.11118056594919164,-1.217045667668839,-15.359582749494189,2.014928906104346
1618,-74.52945889593728,-50.2378672560713,-35.340421601954134,-30.284620245675058,-15.42149179808333,-4.894720386443669,1.8563860688644322,-0.10558378623854987,-12.525956847007597,-3.0357185946035394
888,-54.74858720350507,-36.26021530213508,-31.522931300076564,-30.051260511273576,-15.199891794471071,-5.109831671693113,-2.5329593174863025,-1.0932112318620215,-16.348998734145038,-11.181451683994304
1593,-53.44981870449269,-38.94529131510814,-33.06395447404332,-20.105876592891228,-8.836223637860632,-4.737182515058397,-1.5419785461050604,-0.9382913669448019,9.73039882250128,5.245780402441769
51,51.52049906778849,16.65356912464129,58.66462725268783,44.54217128362184,-18.579548156585613,24.881650636380172,-4.64591607100987,-7.326167500818099,22.895279391334547,7.434550206821978
183,-2.156814850027991,-12.193900900976613,-11.193206225785527,2.106694395079707,35.06769301496091,-4.708808091703276,1.5031074228729497,-0.35881180516380057,12.550356037283187,7.697848492205302
1969,-41.26143485841157,-29.099215945443696,-21.79874681325725,-13.893316491016469,-13.249510112159392,-3.911978104286049,-0.8054960006857269,0.20404197020358456,-2.533234421877825,-0.8856256355632884
1242,-37.82098985485944,-22.62820996553985,-12.805846660013131,-20.271522673587185,-12.32878084539236,-0.3997695628651137,4.313630837918218,-0.03933223411534666,-5.516930960358007,7.475926189095896
1300,-9.07690539438452,-14.745716020088006,-7.501638342309951,-6.675290095493936,-5.7215434540684456,-1.8515844463548328,4.934584757954575,1.1230769261603677,16.2618479635022,5.57070675542895
625,274.17239319892417,206.90540793772396,130.32554242351412,84.73165288027515,-38.06210130307875,-5.377395071466609,-1.0146613727446498,-0.29112776920757066,4.045994642232515,9.576430074092785
634,-44.347273372415955,-22.592460694838824,45.670585910813784,44.40843721958017,-22.12230163565911,-9.888050765788904,1.1596387824527528,-1.1910848058364716,-24.4966453152793,-16.97913820576723
1809,-32.414832523175306,-27.022895742504357,-18.727306181929386,-6.9187622551166355,-14.010479456372309,-3.4170527391933314,-4.900097608460013,-3.759512613191104,9.167760973781947,5.335090010447414
372,-54.75811617406344,-36.41581025218683,-29.30186016942325,-31.022169520497567,-13.68982775231539,-5.114201068540729,0.16869380315222854,-0.4953836450029952,-5.452207351294922,2.59601949743639
5,1.7991613562329285,-6.281141966360763,-7.903563235575886,8.529545754201635,35.38409745656116,-2.2413319694196097,0.8454243020083825,-0.49131751096861903,11.177672371689193,5.412986521319909
1261,4.239373403913864,-7.105259745278424,-7.450663812984429,11.412129581942233,47.17634532776908,-0.8198642998938092,2.543771293083806,0.9031879125811452,15.104151943597213,5.483656185115583
727,91.92332944100403,74.9311159209579,44.411257014783494,31.741961924703215,65.03641897927858,18.843339781135366,-2.1911266551176958,-1.7889048815480546,20.431432563188363,9.123395008187078
1445,345.30933627523325,243.5721768461981,155.8092462093037,94.0482485735253,108.92940456551192,59.33545294129706,-0.5329396249138572,0.4900939918409498,18.570920171196093,11.641052524323403
1921,-35.9006316457827,-26.186142838236588,-14.586499405474353,-28.07790275997429,-15.73502723340276,-8.607103956680186,-3.895071213059421,-4.273077371952461,7.5092520132698475,3.326133259705957
1967,-66.66030911058151,-42.27905383855997,-35.66580808452132,-29.17787447826784,-12.602120901015509,-5.954196158783646,-0.8577379984262989,-1.517527103900628,-16.79228599707817,-3.793919178767439
1497,-38.10006844394024,-22.793875009982433,-17.32618795707874,-19.687171432828986,-13.053851251522707,-2.7317691957705925,-1.5398975269186435,-2.5319808218828235,-12.609991069539667,4.9039439297833125
847,127.33317642349765,96.54370232255687,61.621578664257044,47.36098980285596,-30.241386733010142,-5.623922770279172,-2.729636731952363,0.5995624001187032,-27.116112626861742,4.831509392496554
83,-3.515858281407884,-8.780691820143845,-7.410960063354945,-10.38243339045664,-14.281735777934548,-4.348714928383709,-5.470214164974487,1.3779233258187689,-0.014759411084093562,3.3528865882266787
1881,-61.75026663265143,-40.83412795528205,-32.58685353394518,-26.558762034695818,-13.903936999476324,-3.147905449045859,-2.302631390911857,-2.7274930575545375,-2.541551335743163,3.5413612803793706
1776,-44.06492734058351,-23.361839157877284,-14.08628978608153,-22.15426603865488,-13.17219321334399,-1.7309626006932395,-1.8756475127121355,-2.7260715370013346,-13.238489529658542,3.9837332416085167
1634,-52.441389450114464,-35.43697896113397,-27.633886106690124,-19.081985951073168,-11.047040970662009,-5.5447504408424795,0.5702281081252618,-1.0382176516597281,5.6493426920326835,3.501762096486496
1579,-61.166501163924124,-39.643542016818664,-30.147303845810807,-25.902889346026264,-11.309214465507287,-2.7184935730233724,2.5788321011472477,-0.47566741103316357,8.24748172207138,5.2670759555741835
1255,103.80697004567207,71.50782421866295,27.64114484872389,32.80399443793166,-16.511520041547936,0.1623466397370035,-6.498005440329132,-6.633147874473901,11.978221666937802,-16.124087228576684
348,2.2386096130292894,-4.520964378157684,-8.567125965975473,-3.4924373573857554,-12.390563414265666,-6.960101911721801,-9.313816131920046,-4.34472120635252,1.133493290408656,-15.005346529671622
804,-77.74341883816547,-51.62327262735843,-23.88656003205995,-10.069399329570334,-17.171668883613066,-7.9758323316845,0.8657140888364138,-0.9069632260116902,9.390816570556842,-8.336454188959676
1381,3.88844061833798,-9.291326658098786,-5.06115307953848,7.2223331809486595,11.232618419699874,-1.5113063299904852,3.907010165475237,0.7288808118365849,15.493107394986014,5.417468294358071
1756,-59.88874214116241,-40.45391028182316,-33.523573264750446,-26.939744289270546,-12.422244371291606,-3.4432842814668647,-2.642489123543956,-2.923786532372708,1.120255746171235,3.1253331046898127
703,-58.48096273607982,-40.10318525042018,-9.258789555865794,37.143003527308686,-19.025408308181095,-8.127680817216303,-3.72186186033904,-1.852612100023612,-18.389145763901826,-20.77098204651914
955,18.079266424065775,32.3939396478789,24.72598425793965,40.631403214833306,1.8814316696468663,6.116890590890175,0.19072902081769683,-0.9990684973648962,-1.3341106110025127,9.72308601611094
26,-8.948535205114492,-14.819107278207051,-5.1295492802446345,1.1129613524991013,0.1491457169352094,-2.942006027885774,-0.02978705065818345,0.6953475558079127,13.013548699217866,8.779426045148632
1448,-20.27079620227628,-10.062739666074092,-5.221084277906026,-13.898294242483237,-11.517017868194058,-2.0024311405378508,5.583568051031506,-0.9490660474966099,-8.234890445606874,7.2967430435900305
723,85.42375784198957,70.86936874719943,39.66399804856143,27.319898446081016,61.998548467381745,14.874205094864168,-3.864663571328593,-2.9368633169017104,17.26417777148515,5.9047199798467185
2,-67.3888361249531,-43.38778323921473,-34.157992631605566,-28.59555864590471,-14.955784164684388,-4.950448284364283,1.701401849724203,-0.7722317166999751,-1.5689779725924224,3.9561525225612764
300,134.46131682526317,84.67311346613353,43.520451696596005,40.96854784217471,17.99424786229023,0.17545895092136432,-6.1835521426597255,-6.497967672878739,13.649968196058845,-18.003967524301363
1711,-52.417281967896244,-34.890647858268736,-23.519084795870405,-19.881342807087027,-12.076269974327516,-2.2007183290904786,-2.6094644246477605,-2.911003614658257,0.9179177083909691,3.865964514051485
2014,-46.08582456199442,-31.2227797801607,-26.888816895702565,-21.552876717439847,-2.782736643704392,-7.368211970944634,-3.0192656947300125,-1.4893894303227324,2.554901439186743,2.198882711600681
1111,160.08642554029836,103.3163140148338,68.73320994925528,58.3181785623887,44.68158431471831,3.170756251221862,1.3894606327378722,1.137449358188842,14.836194962105612,-4.645624453149729
1813,-31.988149373028286,-27.00196642422943,-18.701236560875007,-6.525778836697601,-12.264203522043278,-2.704618406800529,-4.684327253926147,-3.634171143292519,9.32419160234399,5.297512031843694
994,-42.70549877421749,-24.670387554948654,-8.297393454388201,-18.110818609251876,-14.461661877717278,-3.1641441267215513,-2.403809736948809,-3.3255046480360586,-16.548411587076423,3.6739109959944254
1451,12.091936026078855,4.472224720148142,-1.4328418592141285,41.190700958191705,-17.450751975130878,-0.7258012358611452,0.13338995170099663,-0.22743539010305328,-17.291238038069817,5.924315675918994
1928,-44.09307608580773,-30.421682444220348,-22.495473808066468,-19.441892659595062,-2.466634044471321,-6.345664391682132,1.5357617376724328,-0.9633289191278419,4.196394379284034,3.283793170247199
354,-26.292605538683027,-26.839164159107543,-25.48108041181844,-12.765756355503735,-0.6510289346204814,-6.845342658529069,-4.5491618502669375,-0.029233407167743003,9.50418183720151,-16.76907643431691
1817,-39.61650310102635,-31.341783528044854,-22.78569191129324,-12.553266332122123,-12.465752587618832,-1.5930909956966528,0.8620121224231259,-0.5116216046745845,11.842653451808943,4.384613037995066
309,-30.661281119685736,-15.417405352677548,-9.98984024748635,-24.846415541722475,-17.408003392444275,-5.199264794780197,-1.4254425007764548,-2.063347238304743,-22.017463012355343,-0.19377697903215627
737,13.30435405099612,38.03717029383139,89.0010340390708,63.297908218459604,-20.81656350782263,-6.899171482189069,12.939085124887477,-0.6397822861650173,-22.264147053467983,-14.081599047962795
31,-15.166462674671795,-12.38522118913176,-7.5947296105822595,-13.39714518682403,-12.801778512446694,-3.8600987500174258,-0.7747553151360519,0.48952455628922825,6.170685551031199,-1.7562048556281262
481,69.99847630693614,67.76543048376023,37.16748621421573,20.10843359275495,-19.865225163544856,-5.3623337906848745,-1.375461490570991,1.5661850190023328,-15.097022664599729,-0.44131802508012075
1355,-57.87381225455269,-39.16019508118727,-28.76246366111572,-30.55416002240017,-13.19677554092223,-2.430411932420153,5.788266135960949,-0.3889008452683411,11.892757025247766,5.48501496058846
1334,103.18579459731244,80.46802910291562,50.051579452208955,37.48176580125523,71.63313878102332,6.521670853717022,1.1044708653223583,2.345946981011416,19.95316536241248,12.360400759908869
1549,-33.358671788247534,-28.258462538544705,-20.36539594029724,-8.847164953208765,-1.3051458036876842,-3.0870964489500397,-4.783248136822197,-3.062799249722387,8.742383196271248,4.859313191506213
1557,-22.572225013418212,-18.92883887966787,-10.4036338667891,-30.100095987663924,-15.407865087157205,-3.582704952993589,-1.606882331576279,-0.28306880674775553,10.52791142618463,7.384160301740594
391,-7.166778990500927,-8.812925143023529,-9.297559251181973,-23.452820752521067,-16.857005164857295,-5.0706959247491055,-5.429553086249996,-0.6894875360736185,-1.8413548714816597,-6.38128447764816
1185,93.60504072469038,74.0700517108844,42.7657907431839,36.799092442681285,28.778020124615235,-2.2976875491106785,1.9444408173676717,3.097787763968187,15.625379560033947,2.777373207831703
1348,-66.12306537043575,-46.229585508486515,-33.24376752990846,-28.587091660549532,-14.863247465764102,-2.1631066472759906,-2.0699043610864396,-2.461974413643888,9.817977658680748,3.7097343403954994
1140,32.62156711525237,16.810035131614796,5.811288301136382,49.67067972550583,0.9214646891443639,-4.502142387845667,1.141081393896394,0.9795909945303325,-4.072114195160749,2.523605164147845
361,-3.481025795772812,-3.0748022412726703,-3.334459648965528,-6.002644008194899,-7.757878305181236,-0.415843506278686,4.56786966194013,0.2938356179153996,-13.499891912583724,7.4859399218746985
824,-49.55323353885925,-42.65241310417652,-10.660570565881077,-4.3559004417192835,-16.73071326684786,-8.028096856320285,-4.7993622258420565,-0.6557355626381551,-18.47121041353127,-21.14893614675213
1308,-37.33102551959229,-23.76577256039189,-16.51110366655471,-21.258070045389818,-11.129611459075399,0.7762059283813026,2.432319643756799,0.06962493766008832,-5.753111159012801,5.0442463185477235
1519,-33.450077021643246,-24.378306728269198,-11.741695133419684,-10.37446617104675,-11.279093101084305,-3.9460064786799762,0.39959998251986006,0.110303697615472,7.271654507591805,7.89518037853567
1534,-29.033279439738433,-22.57637266015045,-9.133428659166352,-22.185245486487005,-13.757498711723965,3.0486196553919918,-1.6208896492483598,-3.0429872347097695,10.165540788181168,5.2636314018198895
438,-36.409433365757735,-19.42775912456235,-9.065166229752656,-19.205496317370837,-15.212869166351517,-5.867630027319968,-5.578628329449884,-0.1602658044943614,-17.146854205515595,-12.230561263067694
2025,-63.979920083576275,-41.308042914119426,-34.08383990031986,-28.6936080256292,-14.601505733907699,-5.0898068362271776,-0.77997076767441,-1.2154154784613682,-2.4492309540978936,0.997871659605294
1383,9.098387328309597,-3.0469019213111563,-6.454932208361725,18.22177429563844,48.18202104067169,8.13644954225011,-1.0681025665151425,-2.5021741783314506,13.72146464252953,7.944768713260216
1507,-54.36336342330201,-35.46789980153042,-25.718746849317363,-28.59755402428981,-13.350526316019051,-3.9241558091211,-1.3364651816248374,-0.31319153908887937,-4.55875206896184,5.514870536768864
734,-21.317568219339922,1.9923493997065922,68.48500167869274,53.44649415076816,-21.570071709700223,-6.804740688122738,4.038775789886553,-0.4044297628190161,-22.98493783577793,-15.865491043167783
1503,-14.955316473196618,-21.164355000235293,-10.313287035756275,-0.4463517984990539,1.6489191575579722,-3.657504574079505,5.192355202506689,-0.49233489168740885,12.785493661378656,5.258720193026176
284,-21.72071077303941,-17.466671825644713,-7.83082737771073,-3.80734824935067,-13.53933917251833,-6.855049854100651,-0.45224953974353255,-0.2888303953429307,-0.45034732457897475,2.4758220785166984
830,347.8992347739717,244.69772822799774,153.76270576194275,92.68332784983325,39.07926896086795,44.21652897660136,-7.3731422991354165,-2.375454714621097,8.677738957902193,7.174178664118994
250,-20.650476670032415,-14.494836484285976,-11.951936459296569,-18.37760402605273,-15.738702159832968,-5.434870572719231,-4.889625806216236,0.05028891605590757,-2.47468917880597,-2.279094444526938
1664,-38.131492032596235,-27.13717412466255,-18.19473218271373,-21.198856982486035,-10.941050580929637,-1.3452546569387271,2.4224132242569207,0.09415909313467839,11.617104426787247,5.121358418030197
1342,-54.01372020493946,-30.798323892170313,-10.231665705787647,-23.236761650755096,-13.71145082822843,-1.609489688313564,-1.1714579437083712,-2.0378835948063467,-12.17450664367722,4.834382738400583
1313,120.66314059556017,88.96859986802345,59.90771611267006,56.0310162020283,76.84871881020013,3.7873231599697568,8.880004612652595,5.975871222274822,32.061871614584746,14.870846331760564
363,-8.472208466103618,-13.378946354234822,-13.552421346767298,-12.501032236669468,-15.851008714076686,-7.546527093562665,-9.594850538149615,-2.263237074915252,10.969991474470437,-8.901800037916109
226,-2.0097944209669305,-5.631037218864979,-6.8879917152839765,-9.481264969904942,-18.043711597728713,-4.085128459960719,-4.130806692859197,0.22300428535780314,5.297444959033601,0.6293872861496824
1118,163.4272928280894,107.69517325263813,69.96735276671708,60.14313889126341,51.180907288893515,7.021657114248195,1.5866274548249366,1.381969593376555,12.000735829740846,3.3374191902244856
1352,98.26008783971007,77.01596538044784,46.36482138616382,46.56638912608191,-16.543762537965232,0.7940731164514605,2.9018992927720784,4.48093517463278,20.661549181991298,-5.63822552318317
1854,-38.65112178805604,-30.88800866196274,-19.5751909580477,-11.429649457377225,-11.30392612968746,-2.2216357272248963,4.4166945914871105,0.020694239958268343,11.689232698568317,7.927810569524991
897,-38.18553856950302,-19.836570552637646,-12.673101607021252,-34.39121896206208,-15.43839740358243,-4.2265312764464,-1.8115262315656382,-0.9532340441686643,-18.274776513717836,2.1319846213345737
1146,-32.325665830168234,-24.48297354309039,-10.806944714528456,-3.176751099701023,8.039923414185797,4.162122730194896,8.618290705577826,1.2903205630067345,8.674408097935517,10.71500622837622
192,-12.431250149485862,-10.941028411171969,-6.680236429023626,-1.7941663496218796,9.016866977712615,-1.7065891855938802,4.390581532304382,0.4018725407196776,9.208734539753594,6.5513295218907315
789,-52.26415236324023,-36.101981854712065,-30.26728017359284,-19.74962387570862,-8.593505853055914,-2.326693336286876,0.23424459624213034,-0.7286744888280853,1.082928828942095,-8.286117279162236
1078,18.508834985536144,9.612651038405755,2.800380506712669,50.47448793734335,2.14460449982879,-4.147024114973442,2.0031466750730758,1.3563292203361514,-2.352280019788281,4.4629416134130375
868,-81.89009613834523,-61.1229487384956,-29.82999683796317,7.632253996417675,-17.767732730354354,-8.392362367459015,-2.83425587979647,-2.9094534838683086,-16.62482532690057,-18.378018185771882
1707,-56.16076244728436,-37.08700881847972,-26.359871634125852,-20.65963411184458,-9.819491203422519,-6.198033988373665,-2.0466356717045175,-0.9379296888533334,0.6130594095339638,5.107431287688542
958,-53.753137592720044,-37.75010805999333,-22.956611827599115,-22.07656813098517,-2.9427651702078084,-3.1571407666935616,1.004167422049874,-0.5916511116433396,10.830523119259963,-2.4316782085127406
1768,-67.5178654338965,-44.45593429198039,-35.932203497381266,-29.465111920946732,-14.486094981910231,-4.230701520932337,-2.441116987396892,-2.8956288412915843,-4.344786270727076,3.4869679548369468
1759,-53.306598392256845,-35.805332847878006,-25.559710546276936,-21.488144915012686,-12.313917249802651,-3.587792990916969,-2.889894760236712,-3.256532593832744,0.46391363708926187,3.2094726097196142
1173,84.29533902270707,51.465973431702515,42.42255379919076,41.68035954753453,40.016860559377136,-4.862170514102851,3.2306309779928175,2.9431125121038026,15.25444921486779,10.681581798013784
794,-10.442116081034866,-11.333822631072753,-2.8539377852582897,41.40836079441922,-0.6435588089242372,-8.605637014601324,-7.450774007387297,-0.5083705690693563,10.064941272842955,-10.083488988334947
1463,147.3246603403215,102.49509875772608,73.43714010707511,55.8276387581473,82.53536318637303,11.786157711008366,0.7732003505196575,0.911441323182978,32.63608143768766,16.592387759044847
469,76.56811983474849,61.375731731480165,37.02657721221118,27.21415763679541,-23.39770049340999,-18.790157199998802,-8.920399299755625,-5.656671262283831,13.90569959914201,-7.210928029168899
807,-69.0594515330833,-40.61792848319749,1.4872211747834063,37.601037232377884,-19.280430566044654,-7.142158649017829,-2.035581727713603,-0.6391625702702013,-19.00705243367683,-18.852142938521308
482,-7.477253938768333,-15.593235616072763,-12.749152728524539,-9.569073100561242,-2.807881894601353,-8.116071530993642,-10.303798224799596,-2.8098689389597307,11.468092769850536,-14.391316126860815
1409,-49.79312920877061,-33.98017469648582,-23.474889182092895,-19.90674889878189,8.988354268534454,-1.6106844812783976,-1.951532919735408,-2.6835237671882397,2.7738203336255998,4.42882054116845
1879,-33.358671788247534,-28.258462538544705,-20.36539594029724,-8.847164953208765,-1.3051458036876842,-3.0870964489500397,-4.783248136822197,-3.062799249722387,8.742383196271248,4.859313191506213
167,-30.635891947334272,-26.427036754656047,-18.08752430147261,-5.449889284924636,-5.054863953035227,-0.3799035393435829,-3.8213023750383597,-2.869037147733128,9.663499482417459,5.825856476081295
326,3.7621031735622275,-3.7770646640883414,-3.232577007736359,-0.06693320846265528,-8.37008316983022,-2.05893889150313,3.254123105017662,3.007456593164676,6.828709580309648,6.645474167824573
1127,5.6830774611131565,-1.4893165880906696,-1.9174293585784463,19.602098964985874,-11.66108884052199,-2.5781365429565835,-0.65567135441878,1.1755992459958977,2.485794646063953,2.5423856008584864
1442,-11.775167186902813,-16.62519313132615,-6.716555719342236,-1.1074261695629768,32.83406985624904,-2.209765771088293,4.543507034220528,0.16447017421163537,13.865704648874845,8.643194126637487
976,-48.96638695133282,-36.660855971244644,-20.568124560395134,-16.35111821371087,-11.520012182664802,-2.336204344404096,-2.0137764508260076,-2.631289148299705,10.30255079738109,2.7700221323444785
1431,1.7731171782839816,-5.95371373724589,-7.627058078042259,9.074781248367767,38.2111165058531,-0.7161535143381591,2.584108421056473,0.7463567888760753,11.171685367400828,6.72463111969921
2041,-36.52645718182957,-27.28438703236948,-16.789357646031505,-21.443305027040193,-16.83512717136504,-9.772287550702043,-6.185782930499718,-5.6217417581238,6.759114694717781,3.059642760028671
557,-61.42138121666378,-45.11144406517714,-9.152638636275185,23.097933373866088,-17.333661620222784,-5.535709653917199,1.224574406666627,1.032090561119926,-17.77665358393004,-19.099579845427076
1017,-22.335398124967167,-24.872200827837464,-7.123814732485777,-4.883166307176282,11.008228945890417,-2.9640995899980522,-3.6259199954313575,-3.361747054203288,10.103052836903581,5.23882780248561
1444,243.89738497726924,175.45321341346227,122.69923234154642,77.36353432661858,111.54219007624819,26.498225304406752,-1.9691360378569722,-0.7375063743988135,22.95586010940098,14.67561971907838
1895,-40.63366231873617,-24.58494492099279,-19.009328471851813,-23.64827853412007,-13.747868692321546,-4.435675900732367,1.965682240235565,-0.5389344438941013,-7.638006728099572,6.237730972913151
1705,-54.38681589526117,-38.25359335657769,-37.44233749420506,-20.810979803419666,-14.445188498310836,-5.009267487005175,-2.914481060623439,-3.131797840468802,-4.972182478150284,-9.00998185758585
1429,-17.828631997873092,-17.434175329875156,-11.943405402169146,-0.8244292565328383,3.6151619573368325,-2.1551014144793377,3.2642993160489655,1.0077558247042842,2.3559925177932057,4.067731022392962
1502,-38.10006844394024,-22.793875009982433,-17.32618795707874,-19.687171432828986,-13.053851251522707,-2.7317691957705925,-1.5398975269186435,-2.5319808218828235,-12.609991069539667,4.9039439297833125
1410,-2.100207100014233,-4.887702923473697,-5.858012348239524,-6.797317319325297,-17.649490054813626,-2.304786781881153,0.4566165907538235,-1.2041268797563518,-17.63393062602807,-8.101630876277744
454,-20.060608249562907,-10.39671097842705,-8.617253333132533,-21.136060325185607,-15.831901091172316,-3.7616949084612803,-1.9814630747051192,-1.3641540820466602,-11.774761839712056,2.2469966038600413
1278,60.409888953023746,38.29823528376696,18.340326844001837,48.6837884571102,30.86361743355154,-6.329195153010958,-1.65158021031775,1.659924657861669,11.988415687873148,5.452586293442618
1828,-33.450077021643246,-24.378306728269198,-11.741695133419684,-10.37446617104675,-11.279093101084305,-3.9460064786799762,0.39959998251986006,0.110303697615472,7.271654507591805,7.89518037853567
1936,-50.26220527881364,-34.02922534267331,-23.37130471459908,-28.173393689236157,-14.049221535282907,-5.2847413579115345,-2.293469402110285,-3.2066312909431134,8.761452085849058,3.627976720365053
1677,-12.553143875867427,-9.578531488676852,-4.615314705860797,-20.227828875863604,-15.710359004862712,-0.5973717683617502,-0.07789439259069697,-2.627129891449735,8.055955310853335,5.960663855468136
1727,-79.02025977504869,-53.09193334520626,-38.898501976138604,-33.63092773458186,-15.881572409169006,-8.007561995453619,-2.054380083683385,-0.7457414730101207,-13.860471305545856,-4.029803431980886
2038,-62.08468677585015,-42.13921607136905,-33.86690667623227,-33.85732710437159,-14.39690500245423,-5.1557991911299235,-2.725345732677128,-0.8987529975954678,9.103120967440699,4.378576514002145
148,-17.832545214272198,-14.096051047529265,-9.623010612104025,-14.333808911208669,-16.729297098237293,-4.981612857891111,-3.0862793693422685,0.5930812558102461,5.854139363698843,-1.61077881803509
561,165.88640085384608,171.12511665747687,145.28700193303288,69.89363376704412,-33.96894266349633,-9.196944471163615,14.255560965585321,21.129405180891787,-24.51929106132615,-17.866870412375917
649,80.35801620857237,72.3018689368414,44.226266128924046,24.217780755659643,9.409850743135854,4.272208790523883,1.218251280264118,3.5630075569977655,-10.064745714220676,7.695710457702512
1979,-47.94897391693616,-30.76934790760109,-26.546719243838172,-19.38140498529086,-11.121349733873865,-7.20521686879397,-0.049144783935478366,-1.902742248566773,-5.972350079319007,2.3233075845390876
1139,96.60175586536975,81.69928612791085,49.9320146589759,44.417950002986984,-17.67735584168651,-0.3750081521048221,2.92790371721173,4.272371471743303,5.7426756671452575,-1.0681009850991006
1825,-61.75026663265143,-40.83412795528205,-32.58685353394518,-26.558762034695818,-13.903936999476324,-3.147905449045859,-2.302631390911857,-2.7274930575545375,-2.541551335743163,3.5413612803793706
1811,-40.45751044533005,-32.057721287849986,-22.565916298209746,-14.287023667182195,-12.991672938751053,-4.11152217214836,-4.474695343784606,-3.3797415879305834,9.520978129486478,4.896348709120757
453,16.72258792978939,12.454081674336276,0.8699804857413509,-5.194023030383368,-19.41087011761638,-2.319056179973518,-2.7745148001956963,-0.7176288222508647,-24.16288290097161,3.714296478452402
428,121.79972861852501,121.91084116031867,94.62769060096434,132.1105820281565,19.676150399736457,22.55355742079209,14.627505275079585,15.670748689228416,42.05755703583198,23.265326675967493
1871,-52.15940160320243,-35.10701768278053,-24.67179932927921,-21.33644137680485,-13.319147520434097,-3.347686137305586,-2.809925156665767,-3.252497669279371,0.09204771354150494,3.5302853318526184
1297,-30.350882197615118,-15.785002513410234,-8.789805872204772,-16.1295139124779,-10.841820090011682,-3.0302407158968787,2.3463583259012415,0.2938475697200371,-6.509672198330427,8.684047209238612
490,-0.3247129250316701,22.928576087668993,33.59063037357596,31.962916905590607,-23.554850305859848,3.7697927532213185,-4.132178485801887,-1.6928101692905213,-35.62130940515338,2.230405754346365
500,19.15708170719888,8.087839969368847,-4.221179422058225,32.808512586942584,-5.839679935139702,-15.622155084725978,-15.6903000060872,-11.536637897233742,8.17867316389983,-10.576359745484735
1314,141.12236034383417,99.04578077470556,62.78641481041358,56.013160309737046,89.95455317298091,0.019434472717964505,6.477424879257258,4.703324873493143,31.532479576411152,17.69692907918002
1775,-50.6622423721994,-36.759892434736805,-31.075092749418324,-17.720127797357026,-11.74756121895366,-2.765957855273863,-0.03857559117020727,-0.4476554775220972,10.953549526899938,2.5677099858066126
979,38.93244616653802,20.853360101075808,9.37982305077216,54.42216342090808,1.4607326167358148,-4.251188006300853,1.0740365749733323,1.1578382595078172,0.976201417904495,3.4994060368644253
323,-39.620597942857344,-24.82223660302776,-17.68282018745949,-24.741518595550808,-14.704113208578473,-6.533459308531231,-3.0688686859275127,0.9068403083588008,-14.340587089822192,-6.719837216117062
961,20.47542995867788,-0.13501049649876515,-2.114947981550577,2.0266887658399333,-15.924106349735482,-1.5521135477962047,2.779212446881853,1.3382100977289564,15.028065572400747,6.6858095687849515
1913,-49.74389535852172,-25.204670579534184,-15.905341473530948,-26.359626688597285,-13.114983383620313,-1.4699126211623337,2.312358058906009,-0.6189026401655398,-13.451108943771407,5.969656534107564
10,-34.743085402355376,-23.944187672078087,-12.989060210030827,-11.053182721878965,-0.4623880413372783,-4.627497556623227,1.9773093107199076,-1.283779834000475,-4.614918878630417,0.33608377948090024
1517,-39.141099809908674,-24.275345921254154,-14.241977865478521,-20.094469441952448,-12.455588809736193,-2.09723201018855,1.0514855217428765,-0.1722919661830863,-1.707275949179658,7.137072781713342
270,-1.737952786739887,-7.6000051610675206,-3.193381644549314,7.508765736535901,-1.207558724855722,-7.293510195426591,1.191268768293628,-0.09879514824021013,5.316940379154034,5.326746517330958
623,17.233755148847365,24.04230097243429,49.890957301840906,48.665938323143315,-15.989289096022217,-4.536162777014408,3.1284567578240705,3.0682143322566584,-24.98473311166769,6.699286221676472
11,2.365821255812634,-5.236905605760085,-3.408573147135195,-5.337907305140691,-16.39666011977334,-0.47207193983417056,5.1556606616923,1.1172423076675249,14.625620597303108,9.518433360618577
716,-68.38590323017134,-40.978090404646274,-6.752596618033563,35.104874952152166,-19.581979982236188,-8.24928910647367,-2.916299698209504,-1.8471664988224186,-19.000657846072837,-20.462098547974854
1794,-37.24791751975239,-26.797891122708336,-20.45794367840016,-27.36439844480472,-16.170705976367067,-9.25793676828536,-2.332128551050223,-1.9216425143123437,4.8127282029597325,3.060257826080175
796,-75.2931321450704,-48.65294377815734,-15.933767731376944,-8.131978841901516,-16.93849824870146,-8.569676596367726,1.254568797136177,-0.5704796501286938,10.55989398540392,0.4562548261370056
1584,-48.25976688163604,-25.278206427348024,-15.132754942116868,-25.284031558524205,-13.255460424931764,-0.7679612214786974,-1.185613245058378,-2.1873215536010027,-5.6775196940272545,4.609441460331751
662,-79.53906166194527,-56.790904323610384,-33.217238368967294,-30.00776900177476,-16.116083601053024,-7.342068391154543,-3.36495711517612,-3.0584159674336475,-14.044570174196725,-13.055650387422205
298,189.82705992214525,136.29214431019514,90.45274453122917,70.457021489597,79.42156358111052,26.58679019584344,5.152189305557847,3.59731948958238,22.402105278915954,9.931893844554791
86,-31.52433568810224,-26.371876769277087,-16.831082167191155,-6.057071624096286,3.133525341384709,-1.6012884744922598,1.894430710925862,-0.5421264112699393,10.871368785775443,4.757217741179633
1718,-62.96850546469842,-42.46795075949709,-34.757304903940536,-34.68270569312478,-12.698771498651544,-5.8590732077604395,-2.8432486606711946,-0.9758473030991527,8.505019052311841,4.136208457226082
518,-77.15293296657572,-56.20726996865309,1.2952697746810007,32.67035135818722,-20.586817981961612,-7.332974343732551,-2.4778693357200656,-1.7296302773947814,-20.487616101674774,-19.441854864868915
426,-7.048939262594387,-10.806869955391752,-8.895383076796733,-23.571810286353525,-18.408306877888204,-4.860522854932705,-2.2126840200646263,-0.7859127034579504,2.115337291109761,2.9639562546127984
690,-68.78061097112585,-49.53085631673347,-8.528266614918659,35.23805230633419,-19.940231223365203,-8.605045242444234,-2.2426120520072517,0.05729290269780529,-19.95563671598327,-20.980596966318227
631,23.531998180418544,9.066221348226902,-7.689831023214501,42.91965415010615,6.434893375679099,-7.011381070546289,-4.539353129990195,-1.3629999885743767,6.302128697596799,-3.0857892029744316
1208,-40.08289664812853,-26.982091940764366,-17.945920011909138,-23.714304912876987,-12.247682701891984,-1.4827839000481133,1.1575640401234204,-0.9618730727059853,0.248918069823456,6.9778280445644025
793,-75.67513083102816,-64.73395680784314,-14.36927571162868,21.36716783744141,-19.54837449322624,-8.076119188243077,-3.3252369264718795,-2.5756819774975046,-18.99431346628868,-21.228739413916667
382,-39.60625856629913,-23.07824080016741,-11.54792994220605,-20.7278124644426,-12.719725306715745,-3.0826689382653867,-2.4017019709614775,-0.9429081715252177,-15.863642352007552,0.9769923778756977
230,48.786381237606626,62.77478927280544,31.109273606344527,16.958845992880757,-17.908642655407597,13.666663914265873,-12.517109369370903,-23.07889840697646,-41.42399766275631,-1.834642494917909
1066,86.8198120720118,16.489590596451656,-0.7855451372333706,43.01083864893455,-4.683250420734251,4.050644759770703,-1.686413362121096,-1.0331148719872387,8.032720696668754,-5.89403622019861
1736,-51.62026071046006,-37.67413958019856,-32.59906237453819,-20.179685726985912,-15.982992992489025,-3.6562672739580275,-3.284891498243009,-3.425436622802053,9.089702151221175,3.806033745717581
2031,-55.873284412112575,-32.609326850716954,-23.490006474434004,-27.230830955886358,-13.767384349247585,-4.0698573325020915,1.323125353909697,-0.675103402589705,-12.827588075315116,2.978426174193342
72,-15.307534431214096,-8.639856671735798,-8.334828384305913,-1.4362779221938748,3.2945187985513904,-4.094419427011937,-4.5758748230939075,-0.22409321863897744,-11.66077365309414,2.7643969405219178
1298,0.2617555683289451,-1.0720639335008921,-2.7912426181674683,-9.06072902797945,-12.64476879555637,4.948004901198046,2.849096436154144,-1.1193568867445407,-9.093976059654084,7.741118892274417
1859,-41.9459008997679,-33.18165355949733,-24.36885192581361,-15.835759057590776,-8.535241199359573,-3.4530042352385766,-3.606667746675925,-3.1214603665441194,9.401128403109455,4.361133662207717
211,79.35308860771322,66.19339758617045,39.34783570262034,31.97685524382472,-25.296221917441976,-19.54838467044341,-8.052310789883759,-5.693081952092521,14.764738626620108,-7.02861978310215
215,404.32304358590835,291.2606348652286,203.035988135133,90.39633985049518,21.85752355641442,-13.7973751109617,25.09552818860181,51.990134995653634,5.649651909320448,-5.7146925816585865
398,-35.0657287141832,-19.457372916331042,-12.503811502504288,-23.273974768126138,-13.449211650407982,-5.565891508760592,-4.416965924948801,-0.8974573506890301,-18.067758893687873,1.1063907702307574
1249,-6.283713347228281,-6.332606218685177,-7.3200993641776835,-9.596313695675377,-11.138377034125213,-5.993564856621837,-7.9870424740331565,0.0539006089829372,-20.242216256758756,-9.426183244034336
236,-8.541523930031705,-9.392455855478302,-7.8879883106118704,-21.64633455170524,-15.986086441472166,-4.427458780710579,-1.8161763197352023,-0.15124312512629962,-12.085949189322525,1.3617832585148462
509,482.94432821947845,364.3641794013894,237.984445121927,141.18572515168486,-28.269759381946436,1.2136935679464322,60.3383801799964,93.82331083983671,-14.277335891634845,0.4840435948308548
1203,-33.61909190112601,-27.67300029971097,-14.326642375744559,-6.578320926808773,-2.437923413095783,1.4387047368234882,6.564365960635276,0.7487077342297227,13.957982823164096,9.990727131575618
320,114.40935986090886,111.70724280870236,75.9057852859692,86.52796338734883,6.743482623358543,12.981711142529509,8.8756684731588,8.57525911214888,14.365997883383017,18.824280912895667
1758,-54.662057777661126,-36.38822809937475,-26.717005904442807,-22.42948480641098,-10.275947260952355,-3.5396766614397954,-2.9453628103580725,-3.309360520932048,-0.38375359259280106,2.946046680903543
1219,93.29314374464836,13.451360947655532,13.306937045250852,46.69695590161748,58.06591732819945,1.3984446439285778,0.8945689025327224,3.5236267412996294,19.277640184031757,10.058564394554338
643,-2.3656717674422425,-8.527558810832911,-7.134131619458626,-8.074915737955935,-9.006199171787731,-3.760339244449519,-1.9730726451721836,0.22765554476038277,-3.8178844135863352,3.8455837867473828
841,87.44344975449137,17.04320476277005,68.03996802692656,69.40005233061878,-12.419207645576618,-3.7653001376163227,5.330581225407561,3.646862601585663,13.505845534543012,-3.531073051756958
1121,123.90341910418604,88.30340612220145,51.91795201155842,46.67571688546567,-10.606681578389043,-1.956811861943935,1.9484045774684822,2.5009567244202358,9.613643615854846,-2.157835710063673
1325,-31.923071417513775,-25.397776497428193,-17.848746941307756,-22.37817551563207,-11.300261145677926,-3.8615695635397693,1.8938399849927838,-0.24444822787352882,6.983104889251529,1.9094726412340535
1958,-58.65975947173349,-39.49851771344287,-31.34243232754576,-26.82078921867096,-12.49102989942705,-3.954119595024729,2.4596621336779916,-0.6862553393597494,4.688150626661425,1.5658670114162518
1901,-44.18832071758994,-30.279459056213327,-20.430909894386613,-16.133803171176325,-10.003622725798525,-5.628832263431103,-0.6808598586916997,-0.4904180318596678,4.709013080666021,5.846695825189139
1822,-40.99256496190255,-32.742733058751675,-23.325524466046545,-15.14907876032734,-11.398334055485618,-4.258868299668511,-4.058243404819799,-3.2986693114786982,9.422678518537905,4.576034002027293
1290,131.6989622112256,91.49268162209815,60.67820975864517,41.79592922511218,55.640738733199676,21.71548153598168,2.0361711619755316,1.4416122392016177,1.4316982424745073,12.243990862764669
